text,translated
The dish-washing family? You mean the husband who does the dishes? Kiki.,설거지하는 가족? 설거지를 하는 남편을 말하는 건가요? 키키.
My boss is bothering me a lot.,상사가 나를 많이 괴롭힌다.
So I told him to break up with me and play as many games as he wants,그래서 나는 그에게 나와 헤어지고 그가 원하는 만큼 많은 게임을 하라고 말했다
"Instead, I got a 20 million won loan from my mother, paid it back in two years, delayed it by a year, and saved the groom 3,000 won",대신 엄마한테 2천만 원을 대출받아 2년 만에 갚고 1년을 늦추고 신랑은 3천 원을 저축했습니다
Let's just say that.,그냥 그렇게 말하죠.
I can't do the rest,나는 나머지를 할 수 없다
"I'm half-hearted, too.",나도 마음이 어중간해요.
"I'm always at war, LOL",난 항상 전쟁중이야 ㅋㅋㅋ
"Kiki, are you going to do that? Riding a kiln?","키키, 그럴 거야? 가마를 타고?"
I don't think so,난 그렇게 생각 안 해.
What do you mean? I just met someone else,그게 무슨 말이죠? 방금 다른 사람을 만났어요
All couples are good only for newlywed couples. Kiki.,모든 커플은 신혼부부에게만 좋다. 키키.
I think it'll be two years before Kiki gets married,키키가 결혼하기까지 2년이 걸릴 것 같아요
I think I got married really well,나는 결혼을 정말 잘했다고 생각한다
So I'm going to watch it this week,그래서 나는 이번 주에 그것을 볼 거예요
"Uh, Kiki bowl set for 2 people Stainless steel tableware so I don't think I need to bring it. Kiki","어, 키키 그릇 세트 2인용 스테인리스 식기라서 안 가져와도 될 것 같아. 키키."
You guys have a lot of nerve,당신들은 배짱이 두둑하군요
** You can change it,** 바꿀 수 있어요
You'll win.,네가 이길 거야.
Then I really want to go,그럼 정말 가고 싶어요
Kiki dog fight. Kiki is so funny. It's fun,키키 개싸움. 키키 너무 웃겨. 재미있다
I'm going to the beach today. Do you want to go?,나는 오늘 해변에 갈 것이다. 가고 싶어요?
I often boil spoons at home too. Kiki,나도 집에서 자주 숟가락을 삶아. 키키.
"Yes, soccer's strengths","네, 축구의 장점입니다"
I don't like soccer. I'm not interested,나는 축구를 좋아하지 않는다. 관심 없어요
Do you have lessons with me?,저와 함께 수업을 하나요?
I'm working. I'm running all day,일하고 있어요. 나는 하루 종일 달리고 있다
"Me too! Especially, you need to take care of your mental health",나도! 특히 너는 정신건강에 신경을 써야해
"It's cheap if it's 15,000 won for 6 months","6개월에 15,000원이면 싸다"
Totally! I like it,완전! 마음에 들어요.
But I want to be the CEO of Mirae. I need to learn,하지만 저는 미래의 CEO가 되고 싶습니다. 나는 배울 필요가 있다
"The more people there are, the better",사람이 많으면 많을수록 좋다
"Oh, Kiki. If you're in Busan now, you can go there often","오, 키키. 당신이 지금 부산에 있다면 자주 갈 수 있다"
Can't you just not dye your hair?,그냥 염색 안 하면 안 돼요?
Satisfaction is happiness,만족은 행복이다
Why do you hate it? It's overwhelming,당신은 왜 그것을 싫어하십니까? 벅차다
"Kiki, it's winter now, so I'll work hard on it","키키, 이제 겨울이니까 열심히 할게"
Just make it straight?,그냥 똑바로 해?
Buy it if you need it!,필요하면 사세요!
What do you mean... Smash the ice cream,무슨 말이야... 아이스크림을 부숴라
Not necessarily.,꼭 그렇다고 할 수는 없죠.
It's a cost of saving time,그것은 시간을 절약하기 위한 비용이다
I always put on Kiki scrub and moisturizing cream,나는 항상 키키 스크럽과 보습 크림을 바른다
Do you want to get counseling with me? Kiki.,당신은 저와 상담을 받고 싶어? 키키.
I lost so much hair after I had a baby,나는 아기를 낳고 나서 머리카락이 많이 빠졌다
"My hair is long now, so I don't see any bad texture.",지금 머리가 길어서 안 좋은 감촉은 안 보이네요.
Can I buy soap?,비누를 살 수 있나요?
"Kiki, that style will be fixed","키키, 그 스타일은 고쳐질 거야"
Did you eat breakfast and lunch?,너는 아침과 점심을 먹었니?
"Yes, one pack a day starts from yesterday.","네, 어제부터 하루에 한 갑씩 시작합니다."
What if you feel dizzy after eating only tofu?,두부만 먹고 어지럽다면?
I'm going to take the TOEIC test this time!,나는 이번에 토익 시험을 볼 거야!
Do you remember the club room when you went to school?,당신은 학교에 갔을 때 동아리방을 기억하나요?
I think it's going to be so hard for school teachers these days,요즘 학교 선생님들이 너무 힘들 것 같아
"But since middle school, I was a city kid",하지만 중학교 때부터 나는 도시 아이였다
"When I was young, I couldn't hear the teachers talking","내가 어렸을 때, 나는 선생님들이 말하는 것을 들을 수 없었다"
"Yes, it changed so much that I was confused at first.","네, 너무 많이 바뀌어서 처음에는 혼란스러웠어요."
"When I was in high school, I had fun hanging out with my friends after school","내가 고등학교에 다닐 때, 나는 방과 후에 친구들과 놀면서 재미있게 놀았다"
A ceiling crane?,천장 크레인?
I'm going to go to an English academy,나는 영어 학원에 갈 것이다
Is that a relief?,다행인가요?
"Every time I go, I don't study, I just drink",갈 때마다 공부는 안 하고 술만 마셔요
That's true.,맞아요.
"Whether it's an indirect experience, I think it would be good to do it in advance in high school.",간접적인 경험이든 고등학교 때 미리 해두는 것도 좋을 것 같아요.
"When I learned how to play the piano, I took a test and I hated it as if I was studying Kiki's writing Kiki.",피아노를 배울 때 시험을 봤는데 키키의 글 키키를 공부하는 것처럼 싫었다.
I'm a second year cyber university student,저는 사이버 대학 2학년입니다
"Still, the difficulty level of the test questions varies from school to school, but if you don't know the name of the school, isn't it beneficial for students who have easy problems?",그래도 시험문제의 난이도는 학교마다 다르지만 학교 이름을 모르면 쉬운 문제를 가진 학생들에게 유익하지 않을까?
So did I.,저도 마찬가지였어요.
I'm just going to start with a light novel or essay,나는 가벼운 소설이나 에세이로 시작할 것이다
"They know there's a physical exam, too",그들은 신체검사도 있다는 것을 안다
"It's not a lot, but... It's a special case, so we run a separate arrest team",많지는 않지만... 특별한 사건이라 체포팀을 따로 운영해서
You said you don't have any friends,너는 친구가 없다고 말했다
Then the lyrics in Private's letter will disappear into history,그러면 일병의 편지 가사는 역사 속으로 사라질 것이다
"During the training, I was able to get my grades up to 5th place","훈련 기간 동안, 나는 5등까지 성적을 올릴 수 있었다"
How much was your monthly salary?,당신의 월급은 얼마였습니까?
Will you stop saying that it's someone else's problem?,다른 사람의 문제라고 말하지 말아줄래요?
I never want to go,나는 절대 가고 싶지 않다
I don't know. I won't let you go because there's not much left,몰라. 얼마 안 남았으니까 안 보내줄게
Which part did you like?,어떤 부분이 마음에 드셨나요?
"Yes, look at that. Kiki.","네, 저것 좀 보세요. 키키."
I'm communicating with the other units by code,나는 코드로 다른 유닛들과 통신하고 있다
I touched a painful wound  Kiki.,나는 아픈 상처를 키키에게 건드렸다.
Kiki is not my style. I like small muscles.,키키는 내 스타일이 아니야. 나는 작은 근육을 좋아한다.
I hope it gets better soon.,빨리 나아졌으면 좋겠어요.
They're all precious children.,그들은 모두 소중한 아이들입니다.
"Yeah, I have to do something to pass the time","그래, 나는 시간을 보내기 위해 무언가를 해야 해"
"Yes, I'm glad to hear that. My driving skills were good because I drove it every day","네, 그 말을 들으니 기쁘네요. 나는 매일 운전했기 때문에 운전 실력이 좋았다"
It would be funny to see them do it,그들이 그것을 하는 것을 보면 재미있을 것이다
Oh really? I've never played MapleStory,"오, 정말이요? 나는 메이플스토리를 해본 적이 없다"
Is it a game where Crazy Arcade and Star compare?,크레이지 아케이드와 스타가 비교되는 게임인가요?
"That's right. Since the technology is getting better, there are a lot of games that are more fun visually, so there's nothing we can do.",맞아요. 기술이 좋아지다 보니 시각적으로 더 재미있는 게임이 많아 어쩔 수 없다.
When was the last time you played a game?,마지막으로 게임을 한 게 언제죠?
I think the item game is fun,나는 아이템 게임이 재미있다고 생각한다
Are you preparing to be a Battleground pro gamer?,당신은 배틀그라운드 프로게이머가 될 준비를 하고 있나요?
Hold on. I need to talk to my wife,잠깐만 기다려 주세요. 아내와 얘기 좀 해야겠어요
"Right, I lost track of time and did it for 4 hours yesterday","맞아, 어제는 시간 가는 줄 모르고 4시간이나 했어요"
About 5 million won so far?,지금까지 500만원 정도?
"If I don't play games, I watch TV",나는 게임을 하지 않으면 TV를 본다
I think I get tired of it easily,쉽게 질리는 것 같아요
I'll save my friends from dying,나는 내 친구들을 죽음으로부터 구할 것이다
I'm Baecci! So cute,배찌입니다! 너무 귀엽다
"A fan pretended to shake hands and gave scissors, and Faker reacted to it and gave rock",한 팬이 악수하는 척하며 가위를 주었고 페이커는 그것에 반응하여 바위를 주었다
I spent a lot of money there. LOL,나는 그곳에서 많은 돈을 썼다. ㅋㅋㅋ
"I like cute games, too!",나도 귀여운 게임 좋아해!
"Yes, that's right. My friends all did it, too","네, 맞아요. 내 친구들도 모두 그랬다"
"Yes, I'll try my best","네, 최선을 다하겠습니다"
I asked my friend to work at a part-time company and he hired me as an intern,나는 친구에게 아르바이트를 부탁했고 그는 나를 인턴으로 고용했다
"No, I don't","아니요, 없어요."
The time has come when it's impossible to even buy a house with a salary man... Whoo!,샐러리맨으로 집을 사는 것조차 불가능한 시대가 왔다... 와우!
"Yes, I didn't get in trouble. Kiki is a baby because he's early 20 years old","네, 저는 혼나지 않았어요. 키키는 20살 초반이기 때문에 아기이다"
"Ah, which team is mixed with Kiki? Are you all girls?","아, 어느 팀이 키키랑 섞였어요? 다들 여자들이야?"
They want to change it because it's too sour,너무 시어서 바꾸래요
There's no distinction between work and rest,일과 휴식의 구분이 없다
"Even if you get sick of it, you have to go and eat snacks in the beginningDistrict",질려도 초구에 가서 간식을 먹어야 한다
"Yes, so I feel uncomfortable even if I get promoted.","네, 그래서 승진을 해도 마음이 불편해요."
Why are you doing this when you're not even drunk?,술도 안 취했는데 왜 이러는 거야?
"Haha, I see. Because there are many people who refuse?","하하, 그렇군요. 거절하는 사람이 많아서?"
My mom and sister are watching me I feel pressured,엄마와 여동생이 나를 보고 있어 부담스러워
Packaging and washing dishes? It's like a hard part-time job,포장과 설거지? 그것은 힘든 아르바이트와 같다
I usually wake up at 8:20,나는 보통 8시 20분에 일어난다
I heard company dinners are an extension of work,회식은 업무의 연장이라고 들었다
"If you want to buy it, Team Leader...Just soap",사고 싶으면 팀장님...그냥 비누
You'll be able to finish it quickly with a positive mind,긍정적인 마음으로 빨리 끝낼 수 있을 것이다
Kiki is rich in hobbies,키키는 취미가 풍부하다
"I mean, Kiki cod has been digging up daeprika and planting trees You know, Kiki wants to lower the temperature in the summer",키키 대구가 대프리카를 캐고 나무를 심고 있잖아 키키는 여름에 온도를 낮추고 싶어해
"I should take a rest and go out for a walk. Haha, it's sunny","나는 휴식을 취하고 산책을 나가야 한다. 하하, 날씨가 맑아요"
"I want to be a villager there, too",나도 그곳의 마을 사람이 되고 싶다
"Right. I think so, too.",맞아요. 저도 그렇게 생각해요.
Really?,정말?
How will the weather be tomorrow?,내일 날씨는 어떨까요?
Your body fat percentage is low.,당신의 체지방 비율은 낮습니다.
Can I have two?,두 개 주세요?
I know. I want to have a warm latte.,그러게요. 따뜻한 라떼를 마시고 싶어요.
"Wow, I don't know why winter has come and this year has passed...","와, 왜 겨울이 왔고 올해가 지났는지 모르겠어..."
"No, I think it's warmer than yesterday","아니요, 어제보다 따뜻한 것 같아요"
Then buy me one. Kiki,그럼 하나 사주세요. 키키.
But I think he's going to have a hard time,하지만 내 생각에 그는 힘든 시간을 보낼 것 같아
Let's go sledding together,우리 같이 썰매 타러 가요
But I think it's chilly now,하지만 지금은 쌀쌀한 것 같아요
"In winter, only snow, New Year's Day, and Christmas are good","겨울에는 눈, 설날, 크리스마스만 좋다"
"Yes, what kind of ocean is it these days?","네, 요즘 바다는 어떤 바다인가요?"
"Even if I pay attention to it, it's up to you","내가 그것에 주의를 기울인다 해도, 그것은 너에게 달려있다"
"I mean, act like you won't get in an accident.","내 말은, 사고 안 날 것처럼 행동하라는 거야."
How long does it take to Iksan by train?,기차로 익산까지 얼마나 걸리나요?
I'm also thinking of walking around because the transportation fee is high.,나도 교통비가 비싸서 걸어 다닐 생각이야.
So... you're going to get a ride?,그럼... 태워다 줄 거야?
"If that's the reason, you can sell it","만약 그게 이유라면, 당신은 그것을 팔 수 있습니다"
That's right. The subway doesn't get stuck and comes on time.,맞아요. 지하철이 막히지 않고 제시간에 옵니다.
He totally destroyed the store,그는 가게를 완전히 파괴했다
80% of the work is driving kiki,일의 80%는 키키를 운전하는 것이다
Bulls must have a car,황소는 차가 있어야 한다
"Oh, that's a relief","아, 그렇다니 한시름 놓이네요."
"1,000 won is more expensive.","1,000원이 더 비싸다."
Phew... It's really scary in the morning,휴... 아침엔 정말 무서워요
Do you have a reservation?,예약하셨나요?
"Kiki, it's terrible to drive in your own car during rush hour in Seoul","키키, 서울에서 출퇴근 시간에 자가용으로 운전하는 것은 끔찍해"
It takes 5 minutes by car and an hour by bus Kiki.,"차로 5분, 버스 키키로 1시간 걸린다."
"Kiki, do you feel the need to take care of your health by studying a lot these days?","키키, 요즘 공부를 많이 해서 건강을 챙길 필요성을 느끼니?"
Come to my house and ride 3000 times ^^,우리 집에 와서 3000번 타세요 ^^
I envy you,당신이 부러워요.
"Before that, I'm replacing it with Americano.",그 전에 아메리카노로 대체하고 있어요.
Konjac rice sounds good,곤약밥이 좋겠네요
I'm going to eat tuna sashimi,참치 회를 먹을 거예요
My dad ate. Kiki,아빠는 먹었다. 키키.
"I don't like cake, but it's really good","나는 케이크를 좋아하지 않지만, 정말 맛있다"
Someone recommended that place!,누군가가 그곳을 추천했어요!
What did you eat with the kids this morning?,오늘 아침에 아이들과 무엇을 먹었나요?
"I drink soju when I bite it, too. Kiki",나는 소주를 깨물 때도 마신다. 키키.
I want Kyochon Honey Combo these days,나는 요즘 교촌 허니콤보를 원한다
I want to try Songgang Pizza,나는 송강피자를 먹어보고 싶다
Did I screw it up? That's too bad,내가 망쳤어? 안됐군요.
Jinoni wants to eat hot dogsafter all,지노니는 결국 핫도그를 먹고 싶어한다
"I was worried because there was only a rain forecast, but fortunately, it was sunny and rainy only at night Hah!",비 예보만 있어서 걱정했는데 다행히도 밤에만 맑고 비가 왔어 하하!
I'm so jealous,너무 부러워.
"Yes, I'm just going to eat meat and noodles","네, 그냥 고기랑 국수만 먹을 거예요"
No Brand Potato Chip,브랜드 포테이토 칩 없음
But it's not braised hairtail but braised mackerel,갈치조림이 아니라 고등어조림이에요
The forest fire cut off electricity nearby,산불로 근처에 전기가 끊겼다
"Since I got a vaccine, it's okay if I wear a mask ^^~",백신을 맞았으니 마스크를 써도 괜찮아 ^^~
"Of course, it's a price that ordinary people like us can't even imagine",물론 우리 같은 일반인들은 상상조차 할 수 없는 가격이다
I think you'll have a lot to worry about,내 생각에 너는 걱정이 많을 것이 많을 것이다
That's right. Japan saves everything if you give them disaster support funds,맞아요. 일본은 재난지원금을 주면 모든 것을 구한다
That's right. It's military culture that you have to peel it.,맞아요. 껍질을 벗기는 것은 군대 문화입니다.
"Maybe it's because the voting method is too old, but the rigged elections are bad. There are a lot of invalid votes, too",투표 방식이 너무 낡아서 그런지 부정선거가 심하다. 무효표도 많다
I'm thankful that I was born in Korea,나는 한국에서 태어난 것이 감사하다
Is it a vaccine made in Spain?,스페인에서 만든 백신인가요?
Kiki is a funny person.,키키는 재미있는 사람이다.
"I made it quickly, so I can't help it",빨리 만들어서 어쩔 수 없어요
I wish I had a MacBook.,맥북이 있었으면 좋겠어요.
"Yes, in the end, emerging economies will have to keep falling behind","네, 결국 신흥국들은 계속 뒤처질 수밖에 없을 것입니다"
I think I learned about the world economy again today.,오늘도 세계 경제에 대해 배운 것 같아.
"If you buy a meal, I'll go too.",당신이 식사를 사시면 저도 가겠습니다.
I guess the plane was damaged and the flight was delayed,비행기가 파손되어 비행기가 연착된 것 같습니다
That's amazing.,대박이다.
I heard it topped the charts in the world,나는 그것이 세계 차트에서 1위를 했다고 들었다
"It's been a while since I saw a romance cartoon, and I was so excited",오랜만에 보는 로맨스 만화인데 너무 설렜어요
Iron Man suit ** Buy me one too,아이언맨 슈트 ** 나도 하나 사줘
"Well, I don't know. I enjoyed watching cartoons","글쎄요, 잘 모르겠어요. 나는 만화를 보는 것을 즐겼다"
I'm looking at my name these days Kiki.,나는 요즘 키키라는 이름을 보고 있어요.
I think I get a lot of tidings and stuff like that,이런저런 소식을 많이 듣는 것 같아요
It's okay because there's not much to my life. LOL. For no reason,내 인생에 별게 없어서 괜찮아 ㅋㅋㅋ 이유없이
I guess I have a definite taste in webtoons.,나는 웹툰에 확실한 취향이 있는 것 같아.
"Oh, no, don't cry","오, 안돼, 울지마"
I'll make you want to eat it,내가 너를 먹고 싶게 만들거야
I watched it on set when I was in middle school,제가 중학생 때 촬영장에서 봤어요
See you tomorrow and on the weekend,내일과 주말에 보자
Look at both for me,둘 다 나를 위해 봐
"Right, I love Jungwoo Ha. They won't marry me","맞아요, 저는 하정우를 사랑해요. 그들은 나와 결혼하지 않을 것이다"
I feel like the movie is becoming a reality,영화가 현실이 되는 것 같아요
I didn't watch it when I was in middle and high school,중고등학교 때는 안 봤어요
There was a bit of a drowsy sexiness. LOL,약간 나른한 섹시함이 있었다. ㅋㅋㅋ
"Yes, that's right. Webtoons are fun","네, 맞아요. 웹툰은 재미있다"
Is there anything to watch these days?,요즘 볼 것이 있나요?
"When Kiki gets married, you feel free",키키가 결혼하면 당신은 자유를 느낀다
My mother is a flower arrangement instructor. Ha ha.,저희 어머니는 꽃꽂이 강사입니다. ㅎㅎ.
That's why I feel comfortable being an only child,그래서 나는 외동이 되는 것이 편안하다
I don't know if I should have a grandson at this time,지금은 손자가 있어야 할지 모르겠어요
"I don't really remember, but I didn't do well because I performed",기억은 잘 안 나는데 공연을 해서 잘 못 했어요
That's true. I do keep a diary too,맞아요. 나도 일기를 쓴다
I need to make it special,나는 그것을 특별하게 만들 필요가 있다
Kiki. Why are you fighting?,"키키, 왜 싸워?"
My son has a memorial service for his grandmother this Saturday.,아들이 이번 주 토요일에 할머니 제사가 있어요.
My mother-in-law called me to say that she's doing well,시어머니가 전화해서 잘 지내고 있다고 했어요
Why is my mom in such a bad mood today?,엄마가 오늘 왜 이렇게 기분이 안 좋아?
I'm so excited,너무 기대돼요
Let's talk every day from today,오늘부터 매일 이야기합시다
It's been a long time since we hung out together,오랜만에 같이 놀았어요
Rice is rice. Please cut me some slack,밥은 밥이다. 제발 나를 좀 봐줘
The taste is different haha,맛이 달라요 하하
Do you play well?,당신은 잘 치시나요?
"I rely on my family a lot, so I think about it as I get older.",나는 가족에게 많이 의존하기 때문에 나이가 들수록 그것에 대해 생각해요.
I like one and I don't like the other,나는 하나를 좋아하고 다른 하나는 좋아하지 않는다
"Yes, I went to my friend's house last time and my mom said she's raising him","네, 저번에 친구 집에 갔었는데 엄마가 키우고 있대요"
I live for 10-15 years haha,나는 10-15년을 산다 하하
It's annoying,그것이 괴롭네요.
I heard hamster is really loud at night because he's active at night,햄스터는 밤에 활동하기 때문에 밤에 엄청 시끄럽다고 들었어요
"But if you don't touch me, I keep asking for your hand","하지만 당신이 나를 건드리지 않는다면, 나는 계속 당신의 손을 요구합니다"
"As expected, cats grow fast",역시 고양이는 빨리 자란다
I guess he got better soon because he put so much effort into it,노력을 많이 해서 금방 나아진 것 같아요
There must be a lot of stray cats,길 잃은 고양이들이 많겠다
I guess Kiki Buddy plays well in the mud flat too haha,키키버디도 갯벌에서 잘 논다고 생각해 하하
Hello. Give me food Well said,안녕하세요. 음식을 주세요
Did you say that your brother has a dog?,너의 남동생이 개를 가지고 있다고 말했니?
Do you know that Cho Seungwoo has a dog?,당신은 조승우가 개를 키우고 있다는 것을 알고 있나요?
There are a lot of people who walk without big dog muzzles despite the controversy,논란에도 불구하고 큰 개 입마개 없이 걷는 사람들이 많다
"Look at this, kiki","이것 좀 봐, 키키"
Or the dog doesn't think of you as its owner,아니면 개는 당신을 주인으로 생각하지 않는다
I've already watched it all. I'm watching a seahorse and a squid,저는 이미 다 봤어요. 나는 해마와 오징어를 보고 있다
My cat threw up,내 고양이는 토했다
"Haha, that's right. I wonder what I did at that age","하하, 맞아요. 내가 그 나이에 무엇을 했는지 궁금하다"
Do you watch any dramas these days? Kiki.,요즘 드라마 보는 거 있어요? 키키.
I really enjoyed watching webtoons and dramas haha,웹툰이랑 드라마 정말 재미있게 봤어 하하
I hope the season continues,나는 그 계절이 계속되기를 바란다
Dr. Ha doesn't even know his real name haha;,하 박사는 본명도 몰라 하하;
Baseball players are good at golf,야구선수들은 골프를 잘 친다
It's crazy because of the squid game on Netflix,넷플릭스 오징어 게임 때문에 미쳤어
"It's been a while since I've been working and making money, so I've been watching TV programs Kiki.",오랜만에 일도 하고 돈도 벌어서 TV 프로그램 키키도 보고 있어요.
I'm totally soft. Have you seen the squid game? emoticon,나는 완전히 부드럽다. 오징어 게임 봤어요? 이모티콘
"Yes, I enjoy golf and I get paid","네, 저는 골프를 즐기고 돈을 받습니다"
I beat Kang Hodong. The radio star is Kiki,강호동을 이겼습니다. 라디오 스타는 키키이다
Um... Kanzawa Naoki?,음... 칸자와 나오키?
"That's true. Since it came out when I was in middle school, I must have listened to it.",맞아요. 중학생 때 나온 거라 많이 들어봤나 봐요.
Yeah haha I can't stop once I start watching it,응 하하 한번 보기 시작하면 멈출 수가 없어
Who was the actor there?,거기에 있던 배우는 누구였습니까?
I guess it's Dolsing,돌싱인가 봐요
Then look for filmography.,그러면 필모그래피를 찾아보세요.
I heard you're already over 50,벌써 50살이 넘었다면서요
It didn't come off when I put the holder on,홀더를 끼었을 때 벗겨지지 않았어요
Really? Ask me anything.,그래요? 뭐든지 물어보세요.
"That's right. I put down a cup of coffee and sat on the terrace and watched the forest, and it looked so good",맞아요. 커피 한잔을 내려놓고 테라스에 앉아 숲을 구경했는데 너무 좋아 보였다
Then it's a good one,그럼 좋은 거네요
I heard the rent went up there. Is that why?,집세가 올랐다고 들었어요. 그 이유는 무엇인가?
Let's just call a helper,그냥 도우미를 부르자
Are you building a new one?,당신은 새것을 만들고 있나요?
It's 4.9 billion won.,49억 원입니다.
I'm glad I have the money to sell,팔 돈이 있어서 다행이에요
I don't know if you're going to give me a lease,당신이 나에게 임대를 줄 것인지 모르겠다
"Yes, I went to a university in Seoul where I know my name","네, 저는 제 이름을 알고 있는 서울에 있는 대학에 다녔습니다"
I finally finished cleaning the house,나는 마침내 집 청소를 끝냈다
Are you looking for an officetel?,오피스텔을 찾고 계십니까?
But I'm used to living in a house for the rest of my life,하지만 나는 평생 집에서 사는 것에 익숙하다
My family doesn't have Macdo...,우리 가족은 Macdo가 없어요...
What kind of scam is it these days?,요즘 어떤 종류의 사기인가요?
I'm so stressed out because of my roommate,룸메이트 때문에 너무 스트레스 받아요
"No, haha. I don't really dress up","아니, 하하. 나는 잘 차려입지 않는다"
He said he reflected on his son,그는 그의 아들을 반성했다고 말했다
I'm looking forward to the presidential candidates this time haha,이번 대선 후보들이 기대된다 하하
"Wow, it's no joke","와, 장난 아니야"
"Yes, there are many inconveniences.","네, 불편한 점이 많습니다."
"A guy with a good-looking face, a criminal record of 35",잘생긴 얼굴에 전과 35범이
There are a lot of people who don't like Moon Jae Ins,문재인을 싫어하는 사람들이 많다
I can't even do hobbies.,취미도 못 해요.
What? My friend didn't pay me back. Why are you doing that to my friend?,뭐라고요? 친구가 돈을 안 갚았어요. 왜 내 친구한테 그러는 거야?
"But if it's on the news, isn't it supposed to come out when it's big? crying",근데 뉴스에 나오면 원래 커야 나오는 거 아니야? 우는
Maybe he reported it too. Hah!,아마 그도 신고했을 거예요. ㅎ
**I'm glad I put off my bridal shower,**신부 샤워를 미루어서 기뻐요
"Lightning Man, it's been a while.","번개맨, 오랜만이야."
I shouldn't be that kind of person,나는 그런 사람이 되어서는 안 된다
Wouldn't the people who go as soon as it opens live for three years instead of three days?,개장하자마자 가는 사람들은 3일이 아니라 3년을 살지 않을까요?
Jo Jubin got it for 42 years,조주빈은 42년 동안 그것을 받았다
"Oh, I know. I want you to lock the ones that didn't reconnect""T""","아, 나도 알아요. 하지만 이번 주에 할 일이 태산인걸요. 다시 연결되지 않은 것들은 잠가주길 바란다.""T"""
"When I see things like this, I suddenly don't like eating",이런 걸 보면 갑자기 먹는 게 싫어져요
Everyone got it except my dad,아빠만 빼고 다 받았어요
"I know... If it doesn't fit, it hurts and I can't move",나도 알아... 안 맞으면 아파서 움직일 수가 없어요
I guess it's because I often order delivery food because I'm scared to go outside,밖에 나가기가 무서워서 배달음식을 자주 시켜서 그런가봐요
Right? I fell while looking at my phone,그렇죠? 핸드폰 보다가 넘어졌어요
I like meat. That's a relief,나는 고기를 좋아한다. 다행이다
I just took Eastern Insurance,방금 동부 보험을 들었어요
I should buy a lactobacillus later Me too,나도 나중에 유산균을 사야겠어
"Yes, I'll take this tooth out for you, too. LOL","네, 이 치아도 빼드릴게요. ㅋㅋㅋ"
I think so. Kiki's daily life is so bad!,그런 것 같아요. 키키의 일상은 너무 안 좋아!
"Oh, my throat tastes like blood","오, 내 목에서 피 냄새가 나요"
What kind of allergies do you have?,당신은 어떤 종류의 알레르기가 있나요?
"I know, but I can't do it","알아요, 하지만 할 수 없어요"
Yeah haha hand sanitizer small thing was rolling around,응 하하 손 세정제 작은 것들이 굴러다니고 있었어
"If you feel any dirt, you should go to the hospital!","만약 여러분이 더러움을 느낀다면, 병원에 가야 합니다!"
I'm being careful not to catch a cold,나는 감기에 걸리지 않도록 조심하고 있다
Do you want to go with your daughter?,당신은 당신의 딸과 함께 가고 싶나요?
You have to take care of your health,당신은 당신의 건강을 돌봐야 합니다
It's not good for your health. Ventilate it,그것은 건강에 좋지 않아요. 환기를 시켜라
"For family peace, I'm eating without saying a word",가족의 평화를 위해 말없이 먹고 있다
I guess Sulwhasoo's sales decreased a lot,설화수 매출이 많이 줄었나 봐요
There's a real check villain,진짜 수표 악당이 있어요
Used goods aren't sold. It's hard,중고품은 팔지 않습니다. 어려워
Don't you think I can't wear it because it's stuffy? You have to look forward. LOL,답답해서 못 입을 것 같지 않아요? 앞을 내다보셔야 해요. ㅋㅋㅋ
"In the case of fresh food, Jeju Island doesn't deliver it even if you pay for it.",신선식품의 경우 제주도는 돈을 주고 먹어도 배달을 하지 않는다.
Should I ask the owner for a refund?,제가 주인에게 환불을 요청해야 하나요?
I think it'll be so pretty,너무 예쁠 것 같아요
"Oh, is it bright? That's Kiki","아, 밝아요? 키키군요"
"I don't ask if you bought it with my money. But you know, right? Kiki.","나는 네가 내 돈으로 그것을 샀는지 묻지 않는다. 하지만 알지, 그렇지? 키키."
"Right, carrots. Everything is weird","맞아요, 당근. 모든 것이 이상하다"
But there are cases where you pay for a part-time job.,하지만 아르바이트 비용을 지불하는 경우가 있습니다.
"Yes, use your money wisely","그래, 너의 돈을 현명하게 사용해라"
E-Mart also has an app?,이마트에도 앱이 있다고요?
Really? But you don't have any place to use it,그래요? 그런데 쓸 데가 없잖아요
But the size was too small. It tasted good,하지만 크기가 너무 작았다. 맛이 좋았다
"If you live like me, you can't work",나처럼 살면 일을 할 수 없다
All the way? That's a little too much,끝까지? 그것은 좀 지나치다
That regular squid will come out a lot in the winter. Haha,그 일반 오징어는 겨울에 많이 나올 것이다. ㅎㅎ
One night and two days is too short,1박 2일은 너무 짧다
Cable car?,케이블카?
I found out that the Uyuni Salt Desert is in Bolivia.,나는 우유니 소금 사막이 볼리비아에 있다는 것을 알았다.
I want to go to Verdong Gorge!,나는 베르동 협곡에 가고 싶어!
My brother decided to make a route for this trip,나의 형은 이번 여행을 위해 길을 만들기로 결정했다
It would be weird without it,그것이 없으면 이상할 것이다
It's becoming the hottest after Damyang,담양 다음으로 가장 더워지고 있다
Even fried rice is perfect Kiki.,볶음밥도 완벽한 키키입니다.
The food is delicious and the weather is nice,음식도 맛있고 날씨도 좋다
I haven't asked that yet haha,그건 아직 묻지 않았어 하하. 하하
Take this opportunity to go,이번 기회에 가세요
"Yes, I went to play Kiki on the day!","응, 나는 그날 키키를 하러 갔어!"
Have you ever been to Paris?,당신은 파리에 가 본 적 있나요?
"The pictures came out well, saw pretty flowers, and the weather was cool, so it was good to walk.",사진도 잘 나오고 예쁜 꽃도 보고 날씨도 시원해서 걷기도 좋았다.
**I'm going to go if you go. ^^,**네가 가면 나도 갈 거야. ^^
Where is your most memorable travel destination?,가장 기억에 남는 여행지는 어디입니까?
Ah... Foot volleyball day... Ha ha.,아.. 족구날... ㅎㅎ.
"Yeosu is close to Jeolla-do, so I went there often",여수는 전라도와 가까워서 자주 갔다
am i depressed i don't feel depressed,우울해요? 우울하지 않아요
i don't feel depressed i just don't like my brain anymore on normal mode,나는 우울함을 느끼지 않아. 그냥 내 뇌가 더 이상 정상 모드가 싫어
i don't feel sadness exactly but instead this horrible grey feeling,나는 정확히 슬픔을 느끼지 않지만 대신 이 끔찍한 회색 느낌을 느낀다
atleast i don't feel depressed on reddit so i keep it active just because so many of my friends use it and i want to keep up to date,적어도 나는 레딧에 우울함을 느끼지 않기 때문에 많은 친구들이 그것을 사용하고 나는 그것을 최신 상태로 유지하고 싶다
i think there are a lot of people who don't feel sad all the time,나는 항상 슬프지 않은 사람들이 많다고 생각한다
i am considering talking to my doctor or a counselor about this but realistically i feel like they won't believe me that i don't feel depressed,나는 이것에 대해 내 의사나 상담원에게 이야기하는 것을 고려하고 있지만 현실적으로 나는 내가 우울하지 않다고 그들이 나를 믿지 않을 것 같다
i don't feel sad nor do i feel happy,나는 슬프지도 않고 행복하지도 않다
i don't feel depressed but i spend all my time home alone,나는 우울하지는 않지만 집에서 혼자 시간을 보낸다
but here's the strange thing it doesn't really bother me i don't feel depressed about it,"하지만 여기 이상한 점이 있는데, 그것은 정말 나를 괴롭히지 않는다. 나는 그것에 대해 우울하지 않다"
i don't feel depressed like most people on here who lack motivation or feel satisfied for completing something as simple as getting out of bed,나는 동기가 부족하거나 침대에서 나오는 것처럼 간단한 것을 완성하는 것에 만족하는 대부분의 사람들처럼 우울하지 않다
well shit buddy don't feel sad about it,음 젠장 친구는 그것에 대해 슬퍼하지 마
i don't feel sad or depressed but i act like i did when i was,슬프거나 우울하지는 않지만 내가 어렸을 때 그랬던 것처럼 행동한다
these are all classic signs of depression but i just don't feel sadness or depressed at all,이것들은 모두 우울증의 전형적인 징후들이지만 나는 단지 슬픔이나 우울함을 전혀 느끼지 않는다
it's great to hear that you don't feel sad at the moment definitely a step in the right direction,당신이 지금 확실히 올바른 방향으로 나아가는 한 걸음을 슬퍼하지 않는다는 것을 들으니 기쁩니다
when i've taken codeine i feel like i can concentrate i feel more creative and i don't feel depressed,코데인을 복용하면 집중할 수 있을 것 같고 더 창의적이고 우울하지 않다
the daft thing is i don't feel depressed so i just need to know if anyone has gone through this and is it 'normal' to have this,바보 같은 것은 내가 우울함을 느끼지 않는다는 것이다. 그래서 나는 단지 누군가가 이것을 겪었는지 그리고 이것을 갖는 것이 '정상'인지 알고 싶다
i don't feel sad but tired,슬프지는 않지만 피곤해요
there's a definite difference between the death i think about not depressed and wanting to die when i am depressed,내가 생각하는 죽음은 우울하지 않은 것과 우울할 때 죽고 싶은 것 사이에는 분명한 차이가 있다
i don't feel depressed yet my doctor said i was when it started giving me headaches i took antidepressants for  weeks and then quit because of some allergy,나는 아직 우울하지 않다. 내 의사는 내가 두통을 느끼기 시작했을 때라고 말했다. 나는 몇 주 동안 항우울제를 복용했다가 알레르기 때문에 그만두었다
i don't feel depressed as far as i know,내가 아는 한 나는 우울하지 않다
worst thing is that i don't feel depressed i actually feel fine except for my wife wanting to examine reexamine and over analyse every facet of my behavior,최악의 것은 내가 우울함을 느끼지 않는다는 것이다. 내 아내가 내 행동의 모든 측면을 재검토하고 과잉 분석하기를 원하는 것을 제외하고는 나는 사실 괜찮다
i really don't feel sad anymore but i am still not feeling well enough where i can actually get myself motivated to do something,"나는 정말로 더 이상 슬프지 않지만, 나는 여전히 내가 실제로 무언가를 하도록 동기를 부여받을 수 있을 만큼 충분히 기분이 좋지 않다"
i don't even generally feel sad annoyed maybe but not sad,나는 일반적으로 슬프다고 느끼지 않을 수도 있지만 슬프지는 않다
while i don't feel depressed at this moment i do get short periods in the night where i wake and feel depressed,"나는 지금 이 순간 우울하지 않지만, 내가 잠에서 깨어나 우울한 밤에 짧은 시간을 보낸다"
sometimes i don't feel sad for a day a week once even for a month but it always comes back as heavy as it was before,"가끔 나는 일주일에 한 번 하루는 한 달 동안도 슬프지 않지만, 그것은 항상 이전처럼 무겁게 돌아온다"
i don't feel depressed anymore and i've been happier than ever,저는 더 이상 우울함을 느끼지 않고 그 어느 때보다 행복했습니다
i don't feel depressed though just very bored,나는 매우 지루하지만 우울하지 않다
i don't feel sad and depressed i just feel cold and emotionless,나는 슬프고 우울하지 않다. 단지 춥고 감정이 없을 뿐이다
i don't feel depressed yet i've been depressed for yrs,나는 아직 우울하지 않다. 나는 몇 년 동안 우울했다
i am not sad mad angry pissed off i am depressed,나는 슬프지 않고 화가 나서 화가 났다. 나는 우울하다
feel any emotion i don't feel sad or happy or angry,슬프거나 기쁘거나 화나지 않는 감정을 느낀다
any relationships i create when i am not depressed disappear when i become depressed again which leads me to feeling lonely which increases the period of which i am depressed,"내가 우울하지 않을 때 만드는 어떤 관계도 내가 다시 우울해 질 때 사라지는데, 이것은 내가 우울한 기간을 증가시키는 외로움을 느끼게 한다"
i don't feel depressed but i don't feel happy,나는 우울하지는 않지만 행복하지는 않다
some days i just can't tell i don't feel sad but i give less of a fuck,가끔 나는 슬프지 않다고 말할 수 없지만 나는 신경을 덜 쓴다
i really don't feel sad all the time or feel like life just sucks because lately it's been looking up for me,나는 정말로 항상 슬프거나 인생이 최근에 나를 찾고 있기 때문에 인생이 형편없다고 느끼지 않는다
i don't feel sad i just don't really feel,"나는 슬프지 않아, 그냥 정말로 느껴지지 않아"
but i noticed that i don't feel sad now,하지만 나는 내가 지금 슬프지 않다는 것을 알아차렸다
i am depressed but i am not depressed enough for anyone to care or help,나는 우울하지만 누군가가 신경을 쓰거나 도와줄 만큼 우울하지는 않다
the thing is that i don't feel sad or guilty and i don't anger easily,문제는 내가 슬프거나 죄책감을 느끼지 않고 쉽게 화를 내지 않는다는 것이다
i can almost pinpoint when it started but lately i just don't feel sad,나는 그것이 언제 시작되었는지 거의 정확하게 말할 수 있지만 최근에는 슬프지 않다
if you're really unsure then maybe you could tell them you don't feel depressed professionals can get it wrong too,만약 당신이 정말로 확신하지 못한다면 아마도 당신은 우울한 전문가들도 틀릴 수 있다고 느끼지 않는다고 그들에게 말할 수 있을 것이다
i don't feel sad or happy sometimes angry at things other people do but rarely,나는 가끔 다른 사람들이 하는 일에 화가 나거나 슬프거나 행복하지 않다. 하지만 거의 하지 않는다
once again i don't feel depressed i have no suicidal thoughts,다시 한번 나는 우울함을 느끼지 않는다. 나는 자살 생각이 없다
