text,label
i've been super resistant to the idea that i am depressed until recently i got so overwhelmed that i wasn't able to do anything,0
i feel sad but i don't if i am really actually depressed,0
i just feel like i don't deserve to say that i am depressed because i haven't had anything happen to me that is all that bad,0
they also don't belive that i am depressed even though my doctor diagnosed me with mdd months ago,0
But I think it's chilly now,1
she takes my mind off things when i am lonely or thinking too much,0
Let's just say that.,1
It's annoying,1
The time has come when it's impossible to even buy a house with a salary man... Whoo!,1
They want to change it because it's too sour,1
i get anxious around people i am depressed and i never had a girlfriend because of this people bully me about being a virgin,0
so yet again i lose the person that i tell everything to and makes me feel better when i am depressed,0
my family is really worried about this situation tbh and i really feel sad about it,0
i don't think i am depressed well maybe,0
i made special points to talk with more strangers maintain eyecontact and be up for more social events and yet i am lonely,0
i just copy and pasted your comment to someone who knows i am depressed but can't understand why and i couldn't explain it,0
i don't know i don't think i am depressed but i know these thoughts aren't normal ,0
So... you're going to get a ride?,1
"Well, I don't know. I enjoyed watching cartoons",1
oh i am depressed it's ok for me to do nothing today,0
** You can change it,1
the problem is i have to hide all of this from my boyfriend because he doesn't like that i am depressed,0
when i am around people i want nothing more than being alone at home and then i feel lonely,0
when i am sad the tears may not always come but inside i am rotting,0
i usually snack instead of having big meals when i am depressed,0
i don't feel sad nor do i feel happy,1
i have anxiety and depression and when i feel depressed i often feel sick and almost throw up,0
car got stolen and living with my parents im m i can't sleep i am sad all the time overeating and nothing interests me anymore,0
Buy it if you need it!,1
Then I really want to go,1
tldr new to college feel depressed life piling up against me,0
i think i am depressed but i don't really have thoughts about hurting myself or commiting suicide,0
i am depressed and all i have been doing for the past week is crying,0
i don't know why i am depressed because i almost have everything i could ever want,0
to get started i am depressed a lot of the time with some mood swings,0
I know. I want to have a warm latte.,1
i love my mother but she really doesn't understand how to deal with me when i am depressed,0
for example i am lonely as hell,0
some days i just can't tell i don't feel sad but i give less of a fuck,1
i am actually a really funny guy mainly when i am depressed,0
you don't have to feel lonely when you're comfortable with yourself,0
i am sad to hear that,0
it's worst than ever and i keep telling my mom that i want to try some medications or something and keep dropping hints that i am depressed,0
Which part did you like?,1
Do you remember the club room when you went to school?,1
maybe that's a sign of depression or maybe i am depressed because not wanting much makes me a weirdo,0
i am not sure if i feel depressed but the last couple of months haven't been fun,0
i don't know why i am depressed or what to do about it,0
i don't feel sad but tired,1
it brings me some comfort to know that at least someone out there knows why i am depressed,0
i still feel lonely,0
they might alter my brain chemistry to make me feel happier but the things in my life that made me feel depressed in the first place wont have gone away,0
kype theonlyulubai talk to me guy i am lonely too,0
everything's back to shit lol i am depressed again life has no meaning everything is pointless i hate school fuck,0
Konjac rice sounds good,1
my perspective is really distorted right now as it always is when i am depressed and everything seems hopeless,0
that's why i am sad because i don't know what to do,0
they have no clue that i am depressed or afraid of anything,0
When was the last time you played a game?,1
"If you live like me, you can't work",1
i think it's because if i try to sleep before i am fully exhausted i will just lay there thinking about shit plus feel lonely,0
i just feel depressed and helpless,0
you don't have to have a reason to feel depressed,0
my parents tell me to cheer up because i shouldn't have anything to feel depressed about but i still can't,0
hello im a  year old boy and i think i am depressed,0
my grades are really horrible because i am depressed i am depressed because my grades are horrible  whatever,0
if i am depressed there's only one problem i am not sure why,0
i am still anxious about it as any one would be but not nearly as much as i was and now i just feel depressed about it,0
i am depressed because i have to work and go to school and i am lonely,0
in most cases i feel lonely because i am not in a romantic relationship,0
i am under the suspicion that i am depressed but if i mention anything to mg family they freak out and get mad at me,0
Baseball players are good at golf,1
No Brand Potato Chip,1
as soon as i am off work i feel ok and really dont feel depressed,0
plus you know you don't 'remove the burden' from your relatives by ending it but rather you will make them feel sad,0
hey people  hours ago in germany on  am i told my whole fcking family what is troubling me and that i am depressed,0
"Right, I lost track of time and did it for 4 hours yesterday",1
"Yes, look at that. Kiki.",1
Ah... Foot volleyball day... Ha ha.,1
i am depressed because people know that the system is awful but they perpetuate it,0
i've talked to my friend who doesn't think i am depressed,0
i do feel sad once i've spent another day in my hole utterly wasting my time,0
it's great to hear that you don't feel sad at the moment definitely a step in the right direction,1
i've been so depressed all weekend and i am depressed enough on a normal day that i am just really sick of this,0
but i certainly feel sad,0
do i just go in and say hey doc i think i am depressed,0
The taste is different haha,1
i just feel like something's missing and i feel sad and lonely or even mildly depressed,0
i find myself sitting here tonight watching the movie sister act and contemplating why i am unhappy,0
p and i've been playing games with my family when i feel depressed,0
That's true.,1
and as for my mental state general yes i am depressed,0
sometimes i feel like when i am happy my work is at my best when i am depressed,0
I often boil spoons at home too. Kiki,1
the reason i am depressed literally has no solution as the world stands now,0
"If you buy a meal, I'll go too.",1
i personally think it helps it's like i set aside a time for myself every week to feel sad and be myself,0
i don't feel i can say i am depressed as i am only  and what i am feeling pretty much constantly is quite possibly just hormones,0
yea as if the good memories feel lonely in a desert of depression,0
Why is my mom in such a bad mood today?,1
though i say no because as soon as a trigger for a current problem comes up i start to slowly feel depressed again,0
i hate all of my classes i am lonely and over whelmed,0
I guess it's because I often order delivery food because I'm scared to go outside,1
It didn't come off when I put the holder on,1
he doesn't understand that there is no pin pointed reason that i feel depressed,0
ever since i am in the special ed program at my high school it has always made me feel depressed about my intelligence at school,0
thus the deadly cycle i am depressed because i can't get help i can't get help because i am depressed,0
Kiki dog fight. Kiki is so funny. It's fun,1
"When I was young, I couldn't hear the teachers talking",1
whenever i feel really shit and say to myself that i am depressed and need help it feels like a lie a cry for attention,0
i know i am depressed but i can't go to therapist because i can't afford it plus i don't even have time for myself now these days,0
petty sure i am depressed at first that made me feel like i was wrong,0
i am depressed and annoyed by existing is that hard to understand,0
i used to feel sad and terrified of being alone all the time a few years back but now i haven't felt anything in a while,0
"If you feel any dirt, you should go to the hospital!",1
i am back to that place where i am sad or just indifferent and in the state of lowness,0
i am depressed but i don't feel bad,0
"When I see things like this, I suddenly don't like eating",1
I think I learned about the world economy again today.,1
Your body fat percentage is low.,1
i also don't think that anyone really needs a reason exactly to feel depressed,0
I'm totally soft. Have you seen the squid game? emoticon,1
I don't know if I should have a grandson at this time,1
meanwhile i am sad and miss being a part of a cohesive family unit,0
but the damage is done and i am lonely as hell,0
i hate how it doesn't matter who you talk to you'll still feel lonely because you feel disconnected from everyone even yourself,0
i am sad and emotional all day every day,0
actually i tell myself this even when i am depressed fake it til you make it if you will,0
sometimes i do feel sad sometimes i feel hopeless most of the time i don't feel anything or care about anything,0
usually when i am depressed it just a few mutters filled with various forms of the word fuck with an occasional topical word,0
i would say that while i am depressed even when i am with somebody that life is overall more tolerable with a significant other,0
if someone asks you the question why not say i don't have any fun in my life i am depressed most of the time,0
What if you feel dizzy after eating only tofu?,1
when i am needing to focus on the present it's because i feel sad now,0
You have to take care of your health,1
the fact that i am cynical quiet negative and countless other things doesn't go away when i say i am depressed,0
i haven't met anyone that totally and completely understands me and in a very stupid way that makes me feel lonely as hell,0
usually i feel like that because i am depressed,0
I always put on Kiki scrub and moisturizing cream,1
part of the reason i like sad movies is that sadness is a significant upgrade to my depression and sadness doesn't feel inauthentic while i am depressed,0
whether or not i am depressed my response is valid and you shouldn't dismiss it based on how you think i am feeling,0
and do i think that i am depressed why should i be i really don't even know what i expect from this,0
the ones i have seen aren't judgemental they are mostly indifferent but sometimes seem to feel sad for you,0
I'm going to eat tuna sashimi,1
hygiene is always the first thing to go for me when i am depressed like i am currently,0
while i don't feel depressed at this moment i do get short periods in the night where i wake and feel depressed,1
no one ever thinks i am depressed,0
i am lonely as fuck and it's  am west coast,0
That's true. I do keep a diary too,1
most likely she'll feel sad maybe panic to hear that her situation is that bad that a doctor is probably required,0
"No, haha. I don't really dress up",1
But I think he's going to have a hard time,1
i feel lonely almost all the time and it's only alleviated when one of my friends is around,0
it's not that i am depressed i think,0
my loneliness has led me to jump into some meaningless relationships before but learned that you could be with someone and still feel lonely,0
what was i thinking feeling everything i felt during that conversation as if i you're right here with me man i feel sad,0
"Haha, I see. Because there are many people who refuse?",1
i know i am depressed but i can't really feel it all the way and i can never feel happy,0
when i am depressed usually the only two things that end it are sleep or having to talk to people and i never want to do that when i am bummed,0
i am unhappy with almost every aspect of my life,0
i don't feel sadness exactly but instead this horrible grey feeling,1
 years later most of which i was on meds i still am not sure why i am depressed,0
tldr for the tldr i am unhappy,0
"Yes, I'll try my best",1
lonliness is my trigger and now i am depressed,0
i am not clingy i am lonely,0
like i find myself sitting on facebook or something because i am lonely or just staring at my computer screen or getting off my computer and lying on the bed,0
i think part of the reason for all this is that i am lonely,0
i don't feel sad or depressed but i act like i did when i was,1
from what i've read about depression i feel like i am depressed,0
i am too terrified to tell the person above me my boss mostly that i feel depressed due to the unavoidable get over it or such,0
"It's been a while since I've been working and making money, so I've been watching TV programs Kiki.",1
when i am depressed i can't stop rubbing my fingers together and nipping off the dry skin to the point of bleeding,0
Everyone got it except my dad,1
i am depressed by the way,0
i've never seen a shrink who really tried to ask me deep questions and listen to the answers in order to figure out why i am depressed,0
i know that i am sad all the time,0
Can I have two?,1
I asked my friend to work at a part-time company and he hired me as an intern,1
i only ever write when i am depressed,0
it's difficult to answer this question but i am  and i've had some pretty shitty stuff happen and i feel depressed more often than not,0
there's a definite difference between the death i think about not depressed and wanting to die when i am depressed,1
exatctly and for me the meaning will never be met and i guess thats why i am saddened about others who dont meet it,0
anytime i tell anyone i am depressed i get a really sugared up version of get over it,0
Really?,1
when i am depressed i feel extremely socially inept as well,0
now i am depressed in part because i am only qualified to teach in academia,0
i keep trying to avoid the things that make me feel depressed but its impossible,0
The dish-washing family? You mean the husband who does the dishes? Kiki.,1
i don't really feel sad i just feel nothing,0
i want to get a therapist but i don't want to burden my parents by letting them even know that i am depressed,0
"Yes, I went to a university in Seoul where I know my name",1
The forest fire cut off electricity nearby,1
I'm Baecci! So cute,1
i feel more alive in a sense when i am depressed,0
my depression is the kind where i know why i am depressed,0
for me it bothers me more why i am depressed,0
for a while now i have been trying to find a way to describe what happens to me when i begin to feel depressed dealing with anxiety and depression,0
"I don't really remember, but I didn't do well because I performed",1
apart from that i don't have any trouble explaining why i am depressed but this might be a bit too personal to me,0
i am feeling a lot more optimistic and although sometimes some thoughts will cause me to tear up i don't actually feel depressed,0
and even thinking that makes me feel a little ridiculous because i am sad about not seeing a bunny at least people are still walking their puppies around though,0
sometimes i am sad sometimes i am angry and occasionally a happy memory will comfort me,0
for some like me i am lonely even in a crowd of friends and family,0
let him feel sad it's all he's fucking earnt from you,0
i am jobless and not wanting to admit i am depressed,0
if i go around telling everyone that i am depressed not only does it lose its meaning people look down on me,0
true but i suppose i feel sad when i am hurt or when i see my parents hurt,0
I'm so jealous,1
How much was your monthly salary?,1
this is my real account i am sad i am depressed i am pissed the fuck off and i would like the general publics oppion,0
i guess the point is i am lonely,0
i have no idea why i'm feeling depressed well i kinda do but i shouldn't feel depressed,0
for a past while i've been asking myself if i am depressed or not,0
Bulls must have a car,1
every day i am sad but i ignore it,0
I shouldn't be that kind of person,1
its hard for people to grasp that no i don't wanna feel sad and yes i try to think happier but it just doesn't work,0
so i don't know if i am depressed,0
my boyfriend knows i am depressed i don't think he really knows how bad it's gotten or that he really understands,0
i do sometimes but it only makes me feel sad and lonely,0
i am depressed and i desperately want something to happen to me,0
i am sad most days,0
the only thing i am sad about is having to leave my girlfriend,0
currently my psych believes i am depressed,0
deep down i am depressed over a break up,0
sometimes when i am depressed i just like to wallow in it and find something that will help with it,0
i find that when i am depressed or feel low while on my medication it helps to have a project something to have momentum with,0
That's amazing.,1
and of course i failed why else will i be here see i don't have a lot of friends and i often feel lonely,0
 i am sad all the time,0
when i tell my close friends i am depressed they are supportive but they really don't understand and it makes me feel more alone than anything else,0
edit also i forgot to mention my friends have no idea that i am depressed as i act pretty happy and funny around them as a front,0
Satisfaction is happiness,1
i graduated college make decent money have a loving gf and own my own place yet i feel unhappy,0
i should be content i always feel lonely,0
"Yes, so I feel uncomfortable even if I get promoted.",1
i've been doing a lot of psychedelics to help and it has helped me realize and accept a lot but i still feel depressed,0
i feel depressed off and on,0
hi well i dont know where to start other than saying i am depressed,0
Do you have a reservation?,1
be honest with yourself and if you feel sad then that's just how you feel,0
Do you want to get counseling with me? Kiki.,1
tonight it finally hit me i am depressed,0
I want to try Songgang Pizza,1
i did get the lawn mowed but beyond that i just am depressed,0
I don't think so,1
in a room full of people kissing my ass i still feel lonely like i am trapped on some strange fucking planet,0
right now i'd rather do something and feel depressed instead of doing nothing and feeling depressed anyway,0
I just took Eastern Insurance,1
i am  and used to feel depressed on a regular basis to the point where i often thought about i never acted upon these thoughts self harm,0
well you don't have to feel lonely,0
and i just feel incredibly hopeless because i am depressed all the time except when i am medicated,0
"I don't ask if you bought it with my money. But you know, right? Kiki.",1
I heard company dinners are an extension of work,1
it is okay to be sick or feel depressed,0
It's been a long time since we hung out together,1
usually the normal things i am lonely i have few friends i waaaaaaaaaaaaaaaaaaant a girlfriend etc,0
i know the difference between people not caring and thinking people don't care because i am depressed,0
if you're really unsure then maybe you could tell them you don't feel depressed professionals can get it wrong too,1
He said he reflected on his son,1
i am depressed heartbroken and i also drank a fair amount yesterday and i am no big drinker usually,0
the people around me don't understand that when i am depressed i am tired and when both are mixed i am easily angered and i actually hate being angry,0
at this point everyone close to me knows i am depressed or sorta deals with stuff,0
i posted on this sub yesterday with a very lengthy story explaining why i am depressed,0
when people find out i am depressed i hate it,0
and i try and get them out but they're now so hugely condensed people think i am full of it and overreacting when i mention i am depressed,0
i think my job makes me feel unhappy but i can't quit because i need money for living,0
i just cant focus on school work when i feel sad and depressed and almost suicidal every second of my life,0
it's been quite a few years now and a lot of medication and therapy to accept that there's no shame in admitting i am depressed,0
the problem is that i feel lonely,0
remember that it's a disease and it's fine for you to not know why you feel depressed,0
when i am depressed i have no motivation to do anything,0
i told him i am depressed but that's it,0
for example if i am fighting against my appearance i am unhappy,0
My cat threw up,1
i don't understand depression or how people can feel depressed,0
That's right. It's military culture that you have to peel it.,1
in fact it further reinforces the fact that i am lonely,0
i speak from similar experiences and i feel sad that this is happening to you,0
that's the only time i ever feel depressed,0
i can't sleep  my body always hurting  i know i am depressed but what is the point of not being depressed,0
i always feel like i don't deserve to say that i am depressed so i don't really talk much about it or about anything at all,0
i tell him i am depressed done this previously,0
i feel lonely amp ashamed because i have no one to talk to,0
i don't have days where i feel depressed anymore,0
when i've taken codeine i feel like i can concentrate i feel more creative and i don't feel depressed,1
i am unhappy with myself and i feel so empty and nonexistant,0
Will you stop saying that it's someone else's problem?,1
so to sum it up i am depressed and there's nothing i can do about it,0
"Right, carrots. Everything is weird",1
don't do nothing that's the worst thing i do while i am depressed right now,0
"I drink soju when I bite it, too. Kiki",1
is this a neverending cycle i failed because i was depressed and now i am depressed because i failed,0
i guess i should have clarified that it wasn't because i am depressed,0
hey man i am just browsing here because i feel lonely,0
my life is shit and i am depressed and i hate this bullshit,0
i have great friends a beautiful girlfriend  i have a kind of guilt like i don't deserve to feel sad about this,0
It's becoming the hottest after Damyang,1
I'll save my friends from dying,1
"They know there's a physical exam, too",1
"Yes, what kind of ocean is it these days?",1
depression runs in my family and i am not sure if i am depressed,0
i don't suppose you just call the hospital and say i am sad,0
It's not good for your health. Ventilate it,1
without stimulation i am unhappy,0
I heard it topped the charts in the world,1
i am sad cause i am sad damn it your presence makes me happy stop misinterpreting my sadness,0
the friendship saved me i havent had many sad feelings or thought and i didnt feel depressed at all when i talked or wrote with her,0
that simplistic approach can be detrimental to someone who doesn't know why they feel depressed or lacking in confidence,0
I spent a lot of money there. LOL,1
Really? Ask me anything.,1
and more recently it's been the one thing that has served as a reminder that i am depressed and need help which i am finally doing,0
i am and  yearold male and i am depressed,0
and i've explained multiple times that it's because i am depressed and that he shouldn't worry but it's causing tension all the time,0
i have been struggling with depression and the worst part is i feel like i can't talk to anyone when i am sad,0
i mean the things i've put them though just because i didn't want to feel lonely,0
they all know i am depressed as well and have been for a very long time,0
it makes you feel lonely and unloved even if you are surrounded by a sea of love,0
i am depressed because i don't have any of this,0
i think part of it is for one alcohol always makes me feel depressed,0
even the people with the most busy social life's can feel lonely or depressed,0
i am sure you're not expecting it to solve problems but it's not fun to feel lonely,0
i guess this post is a rant on how i am depressed but i really need your advice on how to get back on track ,0
there are days where nothing is going wrong but i feel depressed,0
i am lonely but no one i see on this soulless dating site really interests me,0
Did you eat breakfast and lunch?,1
my family knows i am depressed suicidal and cut and can't be bothered to help me not that i think it's their responsibility,0
"I made it quickly, so I can't help it",1
if you ever feel lonely buzz me on facebook dacheng chengers gu,0
it can be a couple things try a hobby or even making new friends i know it's difficult sometimes  but send me a message next time you feel lonely,0
the wanting to feel depressed imo is a last tipping point before entering an episode,0
i started talking to someone at the beginning of the school semester and i've come to the conclusion that i am depressed,0
even though i feel lonely sometimes i think i am slowly coming to terms with it and accepting that i will never have a girlfriend or someone to love,0
So did I.,1
i f feel like i am depressed but i tell myself that i don't have a reason to be and that i am just being a spoiled brat,0
i have lots of friends and i have fun but i feel lonely and sad afterwards wondering when it's gonna happen again,0
i feel sad and depressed ,0
when you feel lonely or afraid you're going to feel lonely just sit down and breathe,0
i think i can officially say i am depressed,0
"For family peace, I'm eating without saying a word",1
it's ok to feel sad and depressed and it's ok to cry,0
I watched it on set when I was in middle school,1
"I rely on my family a lot, so I think about it as I get older.",1
My mother-in-law called me to say that she's doing well,1
i would never feel lonely with hallucinations and voices,0
could it be someone that could help me not to feel depressed and alone no,0
It takes 5 minutes by car and an hour by bus Kiki.,1
at some point i will start to feel lonely again and then i'll ask myself why if i never take the chance to meet people,0
i can actually say no i am depressed,0
"Even if I pay attention to it, it's up to you",1
i don't want to feel depressed anymore,0
it's like i want to feel this way because then i don't have to feel sad frustrated stressed or anxious,0
she just replied with yeah if i wasn't doing anything i would feel depressed too,0
Someone recommended that place!,1
"I'm half-hearted, too.",1
i just keep fucking up and i feel lonely since my ex left me,0
i am afraid that admitting that i've had faint flickers of suicidal thoughts or that i occasionally feel depressed might curb what limited freedom i have left,0
food is the only thing that makes me feel good and i am depressed when i am not eating,0
he will have a positive smiling conversation with me about something while i am sad to the point i could cry,0
i am depressed and that creates a lack of desire a lack of motivation,0
Really? But you don't have any place to use it,1
i kinda feel lonely all the time and feel like i have very little in the way of friends about  or any serious relationships,0
i should feel sad or angry,0
everytime i tell to someone close that i am depressed they laugh at say things like  from what yeah right,0
i am considering talking to my doctor or a counselor about this but realistically i feel like they won't believe me that i don't feel depressed,1
the reason why i ask if i am depressed is because i still manage to get excited about things occasionally,0
i am glad you've been seeking help and treatment but i am sad you feel desperate as i have been feeling every now and again,0
lots of couples do that and if you ever feel unhappy you always have a place at our house gt this all came out of the blue,0
I should buy a lactobacillus later Me too,1
Are you building a new one?,1
I don't like soccer. I'm not interested,1
when i first went to my doctor whom i had never met before i simply stated i think i am depressed and we went from there p,0
i think there are a lot of people who don't feel sad all the time,1
when i am depressed i don't eat but i just don't feel hungry,0
i feel sad if i really think about it hard but for the most part i just feel disconnected,0
i am depressed angry cranky and just want the pain to end,0
i am exhausted i am angry i am sad,0
which i understand but makes me feel sad,0
um so i am pretty sure i am depressed,0
They're all precious children.,1
"No, I don't",1
i am depressed becomes who you are i am struggling with depression separates the self and the affliction,0
i am depressed that almost everyone i know is going to a college better than i am despite the fact that i tried my hardest,0
dont give up dont feel sad,0
yes because nonorganic food is the reason i am depressed not genetics being bullied as a child and having a high stress life,0
it's perfectly fine to feel lonely and depressed,0
it changes my mind about killing myself because i actually feel sad for myself,0
"Oh, that's a relief",1
Are you looking for an officetel?,1
occasionally my parents will notice that i am sad but all they do is try to fix it instead of just being there for me,0
i had similar feelings under different circumstances not to long ago and felt like the world was going to end and even though it still hurts and i am sad,0
just because i am depressed doesn't mean i am irrational,0
i know it's ridiculous but i feel depressed and very alone,0
i eat out when i am depressed,0
"I was worried because there was only a rain forecast, but fortunately, it was sunny and rainy only at night Hah!",1
I'm a second year cyber university student,1
Come to my house and ride 3000 times ^^,1
i used to feel sad and anxious all the time,0
**I'm glad I put off my bridal shower,1
i do not laugh much anymore i am always tired and i eat when i am sad which is all the time,0
class is fine because i am happier there but working all weekend makes me feel depressed and angry,0
i have finally came to terms with the fact that i am depressed i am a  year old guy and i hate my life,0
How long does it take to Iksan by train?,1
"Yes, soccer's strengths",1
personally i like to ride my bike when i am depressed,0
as time goes on i am starting to feel lonely more and more,0
i feel depressed but it might just be situational,0
i am depressed overly stressed and i find myself incapable of doing my work to ensure my family's future,0
i also get more energy and will go out and do things until i feel depressed again,0
that's how i explain it its irrational and it sucks to feel depressed but its a valid emotion its valid because you feel it and its real,0
i felt myself all around great and first time in  years i didn't feel depressed,0
was and still am depressed,0
everyday i feel depressed,0
"Me too! Especially, you need to take care of your mental health",1
"Yes, I'm just going to eat meat and noodles",1
by being angry i falsely hide the fact that i am depressed,0
any relationships i create when i am not depressed disappear when i become depressed again which leads me to feeling lonely which increases the period of which i am depressed,1
i am depressed for a long time now and there always were up and downs,0
"Even if you get sick of it, you have to go and eat snacks in the beginningDistrict",1
Kiki is not my style. I like small muscles.,1
i am unhappy with the course and don't see it going anywhere but i don't know how to tell my parents,0
i feel sad a lot and unmotivated,0
for me i can't live up to relationship expectations when i am depressed,0
It's a cost of saving time,1
the bare bones of it is that i feel sad a lot,0
My family doesn't have Macdo...,1
i am depressed and a bit suicidal and i just want someone to talk to,0
i live online normally  i watch funny videos  news  browse reddit  and i acknowledge i am depressed and that's it,0
i am lonely about to be broke and i know i could be so happy and successful if i just had the energy,0
Then it's a good one,1
usually when i am sad i don't really know why,0
they ignore my texts when i am sad they barely talk to me even though we would talk for hours on end,0
so what would actually define that i am depressed or am i just being a wuss for months on end,0
there is no fixing what is wrong with me and why i am depressed,0
when i feel sad i come onto here and the sad stories i read make my life seem sooo much better,0
no matter what even if you feel sad lonely or suicidal interpret those feelings in the right way reminders that you are alive,0
and because i feel lonely i constantly seek out a remedy by dating and meeting other people,0
i feel he stays only because i am depressed,0
Yeah haha hand sanitizer small thing was rolling around,1
when i am depressed my boyfriend doesn't get frustrated or annoyed,0
now i am depressed,0
she is always happy to see me and knows when i am sad,0
the cycle always ends the same i am sad,0
she tells me that i am not allowed to feel sad it was my choice and she doesn't have a child so i could be happy,0
i find that i am depressed still,0
Iron Man suit ** Buy me one too,1
"Oh, is it bright? That's Kiki",1
i am worth extra attention because i am depressed,0
finally i admit that i am sad for no reason at all,0
like i'll let her know that i am sad,0
i wouldn't tell people i am depressed but i don't feel that great either,0
i am depressed because i'll never be a father,0
i still feel depressed sometimes but it's better,0
i cannot find the energy to care about other people when i am depressed even faking it is wearing thin,0
i am depressed because im lonely and ashamed of myself,0
i continuously fantasize about people finding out that i am depressed so they would care about me,0
i honestly can't tell if i am depressed or am simply in a funk,0
Did you say that your brother has a dog?,1
even when i am happy i am sad underneath,0
the weird thing is that i feel depressed for no reason,0
when i feel depressed i can't muster the motivation to go,0
my bf left me because i am depressed and i m adopted my parents are not loving me,0
i find that the older i get the more i read schopenhauer and when i am depressed  which is always  i read schopenhauer,0
yet i feel lonely,0
i grew up being told people have it worse and now i feel like i don't deserve to feel sad,0
i no longer feel sad or stressed about most things instead i just kind of feel nothing,0
Jinoni wants to eat hot dogsafter all,1
Take this opportunity to go,1
i am not sure whether i am depressed or not,0
tonight though i feel sad,0
anyone in any position can feel depressed,0
i am depressed and sad every day and i think about death every day,0
when i am depressed my desktop comp gets about five percent usage of normal,0
sometimes i feel lonely but a lot of the time i like my own company,0
"I know... If it doesn't fit, it hurts and I can't move",1
sounds good and if you start to feel lonely  you can always do the same thing at a coffee shop or something,0
i am lonely that's the only thing missing in my life,0
I'm thankful that I was born in Korea,1
My mother is a flower arrangement instructor. Ha ha.,1
for days at a time you feel sad but thats only because you're distracted,0
because i was able to do this and i myself am depressed i looked out seeing if others where depressed and id talk to them for hours,0
lastly when i feel depressed it's like i feed on the emotions of my depression,0
i don't know if i am depressed but i am certainly less happy since becoming more selfaware,0
i want to tell her that i am sad mainly because i have no one else to talk to,0
"Kiki, are you going to do that? Riding a kiln?",1
remember you may feel lonely but you are not alone,0
i used to feel sadness disappointment stress anger but now it all is just a blur,0
i am depressed about not having friends that are girls i am a good looking guy but i struggle connecting with people,0
i know they told me not to take this if i am depressed,0
whoa whoa whoa that is a totally valid reason to feel sad,0
no one to talk to i never really talk about problems anyway the most being i drunkenly told one of my best friends i am depressed,0
but then again i dont really feel sad its more numbness and a complete lack of motivation,0
tell him i am depressed,0
i am lonely most of the time,0
i do have a boyfriend who is super great about this but just doesn't understand why i am sad,0
Don't you think I can't wear it because it's stuffy? You have to look forward. LOL,1
Look at both for me,1
but recently i've been so lucky to become distracted by other problems problems that make me feel sad but less sad,0
it's not even like i should feel sad,0
One night and two days is too short,1
worst of all is i am sad about that but i am also ok with it,0
now when i am depressed i am constantly starving,0
i can't tell if i am depressed because i am broke or i am broke because of my depression,0
so in a way i feel like i am depressed for no reason,0
i like to listen to green day when i feel depressed it gives me a 'i don't give a fuck' type of feeling,0
when i feel sad i kind of want to force myself to cry but i can't because depression isn't just sadness,0
i mean i haven't actually told my boyfriend that i think i am depressed or that i have selfesteem issues and he doesn't suspect a thing,0
i don't have any friends to turn to that's one of the reasons why i am depressed,0
I like one and I don't like the other,1
the daft thing is i don't feel depressed so i just need to know if anyone has gone through this and is it 'normal' to have this,1
"Uh, Kiki bowl set for 2 people Stainless steel tableware so I don't think I need to bring it. Kiki",1
instead of me going on about what i am sad about how about we learn stuff about each other not only one on one but with everyone,0
i guess maybe i am lonely but i still get depressed around others,0
you're way more lucid than i am when i am depressed,0
"A fan pretended to shake hands and gave scissors, and Faker reacted to it and gave rock",1
i used to feel depressed all the time but now i seem to have episodes,0
i dont know if i even am depressed ,0
the list of side effects is so long and fairly horrible sounding and i am still not even  convinced i am depressed,0
it is normal for a depressed person to feel depressed about anything,0
but still i lay here and feel lonely and talking sometimes doesn't help,0
"Ah, which team is mixed with Kiki? Are you all girls?",1
kudos on going through with it for so long i normally love it but days when i am depressed it's just rough,0
i used to try my best to laugh it off when i am depressed,0
for me it's the opposite i feel depressed because it seems they never invite me anywhere,0
ideally i'd rather just leave but the having no experience thing kinda gets in the way and then i am depressed again,0
I think I got married really well,1
i am tired of heard that i am sad because i want to,0
it's a selffulfilling prophecy of being alone because i am depressed and depressed because i am alone,0
i just feel like i've had things good in my life i just still feel depressed,0
i am not sure if i am depressed but it feels like it,0
Just make it straight?,1
i had no reason to feel sad or self harming but i did,0
i sometimes feel depressed looking at happy people as well,0
i am depressed and on lexapro but i am not here to talk about myself,0
"Yes, use your money wisely",1
"It's not a lot, but... It's a special case, so we run a separate arrest team",1
I really enjoyed watching webtoons and dramas haha,1
it's funny nobody even knows that i am lonely,0
It's okay because there's not much to my life. LOL. For no reason,1
Hello. Give me food Well said,1
now since they know i am depressed and suicidal they dont tell me to do anything and won't kick me out,0
for more than a year now i have been debating to myself whether or not i am depressed,0
then i feel depressed a bit or maybe just sad especially at what i used to have four years ago,0
but here's the strange thing it doesn't really bother me i don't feel depressed about it,1
and i have no one that would miss me maybe that's why i am depressed but i just am so tired of living,0
regardless of that though i still feel sad the majority of the time,0
the experience struck me because most of the time i feel sad,0
I'm also thinking of walking around because the transportation fee is high.,1
i feel sad and lonely,0
when i am sad it's really tough for me to do anything but eat,0
today though i feel lonely and sad,0
i rarely feel depressed anymore,0
i want to be alone but i am lonely,0
i am depressed too and have thought and planned my suicide,0
so many people who while for different reasons feel depressed,0
Let's just call a helper,1
you're allowed to feel sad but you're not allowed to let anyone else tell you you can't feel sad,0
i am depressed because i feel totally and absolutely trapped in this stage of my life with no control of what's happening,0
tldr i am sad dear reddit friends,0
i don't necessarily feel lonely i have so many to help me battle that but i just feel lost,0
that weird feeling where you actually want to feel depressed lay on the bathroom floor and cry stay in bed all day etc,0
i think i am depressed and it's been this way for a long time,0
of course i am sad ocasionally but most of the time i just feel empty,0
then it feels like i am lonely for no reason after all i am surrounded by friends but there actually is a reason,0
i mean what could possibly happen you tell someone i am depressed they go tell the rest of the internet rest of the internet so,0
i feel like if i just admit that i am depressed and accept it i can stop pretending to myself,0
here's why in my case my worst moments come when i am lonely,0
its more of the social aspect that is making me feel depressed,0
i too am depressed and have been my whole life i just never realized it,0
i feel sad nowbut also a bit relieved that i have this giant boulder off of my chest,0
i can't feel happy for people or feel sad for them,0
i realize i am depressed but i just don't care anymore,0
even when i am in a typically better mood than normal i still feel sad,0
"Yes, one pack a day starts from yesterday.",1
I like meat. That's a relief,1
though i guess there is a sort of silver lining in that i wont feel sadness or fear after death,0
i am depressed partly because of the terrible financial situation i find myself in,0
i am sad because the years after highschool all i did was dream a lot and do nothing because i didn't knew which road to take,0
i am in a similar situation honestly i am not even sure whether i am depressed or not,0
being depressed is like having blinders over your eyes and you feel like you have and will always feel sad,0
i am  f and i have finally accepted that i am depressed,0
it's encouraged even more by my parents who seem to think i'd be less depressed if i did more things  i am depressed because i don't do enough,0
i hint at that i am depressed and people go what's wrong i usually just ignore their contact,0
i am a person who is clever and i am unhappy with my life,0
i am certain i am depressed,0
after  meetings he declared that i am depressed,0
but no one ever directly addresses it with me as if they are scared of it and who i am when i am depressed,0
"Yes, there are many inconveniences.",1
i live alone in a big house and i don't have a lot of people that i consider 'friends' so i am lonely very often,0
i know there is no reason i should feel unhappy,0
a lot of people feel lonely a lot of people feel empty,0
nobody else has talked to me and i just feel lonely and left behind,0
i am certain i am depressed but drugs will help alleviate the depression legal and illegal drugs and alcohol,0
"No, I think it's warmer than yesterday",1
you feel abandoned by them and then you question who your friends are and you start to feel lonely,0
it's also impossible to feel sad while listening to don't stop me now,0
i know i should feel sad angry and a lot of other things but nothing,0
do i just walk into a hospital and say i am depressed it's such an overused word barely anyone takes it seriously,0
this is pretty much my exact situation and why i feel depressed,0
i have my friends which i love but they don't know i am depressed even though i keep dropping hints,0
not because i am depressed or whatever,0
i am fat i am lazy i am stupid i am depressed i am alone,0
with that i never cry and i want to feel sadness but i cannot,0
i eat too much when i am depressed i don't know what its like to go more than  hours without food,0
okay so when i am depressed it's like that's all there is,0
i don't know if i am depressed or whatever the hell is happening to me,0
my ex used to call me names and i repeat them to myself a lot when i am depressed,0
then i remember i am depressed,0
i am an asshole to people for no reason just because i am depressed or angry,0
But I'm used to living in a house for the rest of my life,1
you feel depressed for a reason,0
i am depressed and taking medication which usually helps,0
i am depressed but i can't think of anything legitimate to be depressed about,0
sure things have always been bad but i never used to feel lonely,0
Even fried rice is perfect Kiki.,1
people tend to believe that i am depressed,0
"I mean, act like you won't get in an accident.",1
whenever i think like this it makes me feel sad and lonely because i feel helpless to my situation,0
That's why I feel comfortable being an only child,1
sorry i dont even know why im writing that here but i feel sad,0
i used to think i was the happy person that everyone knew me as but as i spend more time alone i realize that i feel depressed,0
now i am just sad over the fact that i am sad,0
But it's not braised hairtail but braised mackerel,1
i feel sad for what i can't do,0
you're probably will be going through some mourning processand it's okay to let yourself feel sad about it for a while,0
my problem lies with the fact that i know that i am depressed i know what i have to do to solve kick this,0
but what if i still feel that emptiness and deep down inside i am sad i feel like it wouldn't be fair to them,0
i feel depressed all the time but it's mild and manageable for the most part,0
i am distracting myself the best i can and then he has to bring up the reason why i am depressed,0
i can't tell anyone that i am depressed because i feel so guilty,0
it's funny no one would know that i am depressed i am the most cheerful person they know,0
i didn't mention i think i am depressed but that's definitely why i went,0
i am  pounds now and have been for  years because i don't eat enough when i am depressed  is my healthy weight,0
she says that everything makes her feel depressed and she doesn't know why,0
 what's the problem i think i am depressed and it turned out i was right,0
i am sad because i am seeing that even when i tried my hardest i am still going to come up a looser,0
yet i still feel depressed my best guess is that it's because i haven't talked to anyone in three days,0
people say they feel depressed after watching a sad movie,0
pretty much for me i may be happy about where my life is but still feel depressed some of the time,0
i don't even feel sad or paranoid that everyone secretly hates me or any of that like usual i just feel empty,0
but i still feel sad about the environment around me,0
i am  pounds overweight because when i am sad i eat and nowadays i am sad all the time,0
i am depressed because of the way i cope with cptsd long term interpersonal trauma and because of how people treated me,0
remember that if you must dwell dwell on what it is making you feel depressed rather than depression itself,0
the only differences being i am already at home have a job and my parents don't know i withdrew or that i am depressed,0
so like i am depressed again,0
normally when i am depressed i cry myself to sleep,0
day by day i just feel unhappy and it drags on,0
Can't you just not dye your hair?,1
i try to avoid my family cause i don't want them to see that i am depressed but they think that i am being rude,0
i feel depressed all the fucking time and i can't help but feel like that article and so many others about genuine depression apply to me,0
it makes me even more sad knowing that people can recognize that i am unhappy,0
and i'd type why i am sad but then i will cry while typing it,0
the reason i am depressed is because i don't have a job and sometimes i'll go on my job finding apps at night and email them to myself,0
the reason i am depressed is because of my mindset and how my brain processes things,0
not really but it's one of the few things that makes me feel a little better when i am sad,0
funny thing is she knows i am depressed and suicidal,0
"Oh, I know. I want you to lock the ones that didn't reconnect""T""",1
generally i am unhappy with a lot of things have a general idea of what i want but don't know what to do about it,0
i don't want to go into detail about why i am depressed because,0
there's no really easy way of doing it besides just actually coming out and saying i am depressed and i need some help,0
i guess i would say i am lonely and would like to have people to talk to or someone to love,0
i don't want to feel depressed,0
i feel sad not having them again because i remember how long it took for me to run into said item and get it,0
even until now i still feel depressed maybe not as bad as before,0
i am not sure if i am depressed or not,0
because it's being around people who don't understand that makes me feel lonely,0
I hope it gets better soon.,1
however after a while i just feel lonely,0
"If I don't play games, I watch TV",1
every time i catch myself thinking i am depressed i quickly tell myself no you're just sad,0
i am not also sure if i am depressed or not,0
Have you ever been to Paris?,1
"Look at this, kiki",1
it feels like all i ever achieve through what for me feels like a herculean effort to not feel unhappy is that i break even and barely,0
most times if i am depressed all i want is someone to talk to,0
i am not sure if i am depressed and the thing that keeps me from seeing someone about it is that i can be happy,0
if you're not getting emotional support from your parents and you feel depressed it's no wonder you don't have the motivation to perform well in school,0
i am depressed because i've disappointed everyone my colleagues my parents my friends everyone who ever looked up to me,0
i don't think depression means you're incapable of feeling joy but more so that you feel sad or empty for no reason at all,0
of course i like being happy and feeling good but for some reason whenever i feel depressed or numb not angry or sad it feels right,0
it doesn't help that i am depressed and suicidal,0
Where is your most memorable travel destination?,1
I don't know. I won't let you go because there's not much left,1
even when i do go to class i can't focus because i am worried about whether or not people can tell i am depressed,0
Who was the actor there?,1
Totally! I like it,1
i didn't feel depressed and yet derealization where everything just feels fake got worse and i stopped trying to rely on medication for a solution,0
i understand why you did what you did while depression makes us feel lonely and isolated sometimes we feel the urge to push people away too,0
when i feel depressed it often benefits me to focus all of my energy on something productive,0
but i don't know about you guys but the moments of happiness end up making me feel sadder than the depression itself,0
i was just discussing today about how i don't think i am depressed or am negative but maybe i just see the world more much more realistically than others,0
instead of saying i am lonely identify sources of stress and try to get more zen with it all,0
I never want to go,1
i don't know what else i should do because i don't care about anything i see no meaning in anything and i just feel depressed all day,0
i am sick of having nontrivial issues making me feel depressed,0
i know i am depressed but have never been diagnosed,0
i always feel sad and apathetic not caring about being friendly not caring about academics my appearance etc,0
you may feel lonely but you are certainly not alone,0
do i walk in and just say i don't answer the phone i am depressed what is the threshold i appreciate you guys,0
there are things i know i should feel sad about and things that i know i should cry over,0
What kind of allergies do you have?,1
i am depressed and have been studying for a huge test,0
Cable car?,1
i feel depressed because the next school year is gonna be the last,0
sometimes it feels like im forcing myself to feel sad and i dont even know why because i dont want to be sad,0
when i am depressed being in a group is a pretty big overwhelming experience,0
hi im not sure if i am depressed but life just feels kind of shit,0
i am depressed and i just talk too the girl i love and i feel so much better no matter what,0
i am depressed and sometimes afraid to admit it while other times it's the only thing i think about,0
i started to feel depressed around christmas time due to relationships not working out me constantly being paranoid and my just general health getting worse,0
whenever i am sad or depressed she tells me to snap out of it,0
i keep saying to mom that i feel sad and we both knows this happens every college quarter because i am prone to stress,0
for some reason i am not suicidal anymore but i am depressed as i've ever been,0
i feel like the biggest reason i am depressed is because of my past,0
'how are you' i am lonely and miserable,0
it's not that i am depressed so much but i just can't stop wondering about suicide,0
i have gathered about  pictures and gifs from funny sites and i watch them whenever i feel depressed,0
and yes i am depressed and i've managed to continue living and trying bettering myself with some result but i always fuck it up with stuff like this,0
is there a name for this i know that i am depressed,0
my motivation or more accurately excuse to procrastinate or overeat or whatever is that i am depressed,0
how am i gonna function in society if i cant admit i am depressed after all these years being mentally ill shaped me into something i hate,0
anyway i find that sometimes when i am lonely that i can just go sit with them,0
i want to ask my sister since she's better at these type of things but i am afraid she'll treat me different if i admit i am depressed,0
i love to shop but when i am lonely i usually just sit around and dwell on it,0
Or the dog doesn't think of you as its owner,1
but i noticed that i don't feel sad now,1
i don't feel sad and depressed i just feel cold and emotionless,1
you're not going to feel sad for your loved ones after you take the exit because you will no longer exist,0
A ceiling crane?,1
i just feel sad and stuck,0
feel any emotion i don't feel sad or happy or angry,1
i gotten so quite because i am lonely that when i talk it feels different,0
"Oh, my throat tastes like blood",1
"Kiki, it's terrible to drive in your own car during rush hour in Seoul",1
Kiki is rich in hobbies,1
if you do feel depressed talk to a professional though i just want to stress that,0
you sound depressed and think you feel depressed,0
 and it makes me feel depressed,0
I'm going to the beach today. Do you want to go?,1
"Still, the difficulty level of the test questions varies from school to school, but if you don't know the name of the school, isn't it beneficial for students who have easy problems?",1
I beat Kang Hodong. The radio star is Kiki,1
depression is unbalanced chemicals in the brain you don't need a reason to feel depressed you just are,0
i suspect that i am depressed but i have not been diagnosed with depression,0
So I told him to break up with me and play as many games as he wants,1
Kiki. Why are you fighting?,1
"I know, but I can't do it",1
doc i feel sad,0
The food is delicious and the weather is nice,1
i've been through several boyfriends already and have been dumped every time and the reason is because i am depressed and become a burden after a while,0
i don't feel depressed i just don't like my brain anymore on normal mode,1
i am sad for both of them and i hope something changes for the better,0
i am overwhelmed i am lonely i am scared and i am feeling pretty darn depressed,0
i talk to friends or reach out to people when i feel lonely,0
do you think i want to feel sad do you think i enjoy not being happy if i could snap my finger and make this sadness anxiety etc,0
and when i am sad i always eat my feelings,0
he wants to know why i am depressed and come up with fixes,0
i am sad lonely and home all day,0
it comes to a point where i get more upset about realizing i am depressed again than anything my depression makes me feel,0
i am unhappy and i only stay because people seem to not be kind because of my looks and i really don't think i deserve an ounce of happiness,0
 years ago and i began to feel depressed  years ago,0
no i don't think i am depressed on purpose and it definitely isn't easier to be depressed,0
i tend to read a lot of humorous memoirs when i am depressed,0
"The pictures came out well, saw pretty flowers, and the weather was cool, so it was good to walk.",1
Is there anything to watch these days?,1
lately i've found that i am unhappy with where i am at in my job and personal relationships,0
i feel like i don't really deserve to feel this way as in i have no reason to feel sad,0
so the thing is i don't really feel sad,0
she even told me if i feel depressed at all to talk to her,0
That's right. The subway doesn't get stuck and comes on time.,1
i come in and out of depression and when i am depressed i am very egocentric,0
my life just isn't going anywhere and just feel depressed all day and want to die,0
i feel lonely and would like people to talk to irl or even outside of rl,0
just go and be like hey i am depressed,0
the underlying issues with the depression is that i am lonely have negative thoughts and don't know what to do in life for work,0
a lot of people keep asking me if i am depressed and i keep saying of course not but now im not so sure,0
another thing i'll do sometimes is take a look at my tells that i am depressed,0
but then when i feel lonely it feels like i've brought it upon myself,0
I don't know if you're going to give me a lease,1
i don't even know if i am depressed  i am up and down quite a lot,0
i am lonely and a sociopath,0
i know myself and since i am depressed i've only cried literally once,0
i don't feel depressed yet i've been depressed for yrs,1
i am lonely every single day,0
i can feel sad when i need to and let it go,0
Are you preparing to be a Battleground pro gamer?,1
i feel that i am depressed without reason and always try to track the source when someone asks why,0
I'm glad I have the money to sell,1
what should i do i feel depressed i get suicidal thoughts but i haven't attempted anything,0
i guess i know i am depressed its really difficult going over this with dr's,0
when i am depressed i get guilty over it,0
My boss is bothering me a lot.,1
i am sad today,0
i don't feel depressed anymore and i've been happier than ever,1
do you really feel sad i am chronically depressed and i've never truly felt sadness i think,0
i am home now and i feel like shiti am lonely,0
i am depressed and scared all the time and this exact fear is precisely what keeps me from fixing it,0
i have a bad personality i am ugly i am the worst person in the world  that's why i am lonely according to my own father,0
there are some days i feel good but most of the days i feel depressed probably because no one likes me,0
is this wrong of me in a way even though i am depressed myself i kind of feel like seeking out a girl who's depressed is kind of taking advantage,0
i am sad and sometimes happy,0
"Yes, I went to my friend's house last time and my mom said she's raising him",1
i just feel like anyone who gets to know me is going to hate me and dump me if i tell them when i am sad,0
when i see people i instantly feel sad,0
fuck i am depressed,0
Rice is rice. Please cut me some slack,1
Then look for filmography.,1
i am depressed but its overwhelming me how bad it really feels,0
other than this situation he is very supportive of me when i am depressed and i am afraid of losing that source of support,0
there's a lot of reasons as to why i am depressed but mostly because my dad has no sympathy to how i feel and my mom is the same,0
i feel like i am not a rude douchebag when i am depressed,0
the only person who knows what you're feeling is you and if you feel depressed i recommend seeing a doctor,0
not because i am unconfident or shy but because every time i see happiness i feel sadness,0
I usually wake up at 8:20,1
and the only one that is semitrue but not known to them just speculation that i am depressed and am going to kill myself,0
tldr i think i am depressed but not sure,0
Dr. Ha doesn't even know his real name haha;,1
i feel depressed a lot and i try t masking it's humor in front of my friends and it sometimes works,0
i've just been so fucked up lately i constantly feel sad and i just feel like most of my happiness is an act,0
it makes me feel depressed about how useless i am at accomplishing anything,0
i am sad for no reason and now i am crying,0
Maybe he reported it too. Hah!,1
i wouldn't say i am lonely i have tonnes of friends just none that i'd ever talk to about how i am actually feeling,0
I'm going to go to an English academy,1
i think i am depressed but maybe worse every so often i will suddenly become completely isolated,0
I guess Kiki Buddy plays well in the mud flat too haha,1
 but i just feel sadder,0
i think i am depressed and i just found out very recently,0
i hate myself and my body so much that i am depressed all the time and i find some solace while exercising,0
"Wow, I don't know why winter has come and this year has passed...",1
after mental training someone close to me died i am sad but i enjoyed our time together and my grief will pass,0
It would be funny to see them do it,1
they'll never know that i am depressed,0
it just sucks that you can be doing everything someone would recommenced to beat depression and still feel sad,0
created a throwaway account because i really don't want to talk about this to anyone i know you know so i am depressed,0
i feel like nobody cares if i am sad because that's all they think it is sadness,0
i am constantly bothered by people who do not know i am depressed the phone rings too often people i have no desire to see want to hang out,0
I can't even do hobbies.,1
i feel sad i shed a few tears and then i just stare at the wall dryeyed and really frustrated,0
i just want to not feel lonely,0
i have quite a few friends but i feel lonely all of the time even when with them,0
"I should take a rest and go out for a walk. Haha, it's sunny",1
it feels like i've experienced life and i just feel sadness whenever something good happens because it's transient and you simply can't hold onto it,0
i also feel depressed and semisuicidal quite often and for me it helps,0
i eat extra sugary carby things when i am depressed,0
i am depressed for a lot of reasons,0
i know i am depressed probably mildsevere,0
i told them i wanted help with school and that i am sad a lot,0
i feel depressed and shitty,0
i just turned  a few days ago and i feel so old that i feel depressed,0
i to am depressed on every level and it fucking sucks,0
i am sad but probably won't do anything about it,0
how can i escape this loop i am depressed because i am failing i am failing because i am depressed,0
i began exercising weekly and going on long walks when i feel depressed but it only helps so much,0
i am sad that i took that second quiz and gave me a summary of what i already know but will only give me more details if i buy it,0
i am very good about hiding my sadness as no one has ever asked if i am depressed but i don't want it to be that way,0
sometimes when i am sad i grab a pencil and just draw line after line its good that you find hobby,0
sometimes i feel sad but mostly apathetic which has probably been hindering me from getting help,0
i tell my mom i am depressed but she says it will pass,0
when i was pregnant my doctor said that it's much worst to feel depressed or in my case extreme anxiety,0
sometimes i have trouble being aware that i am depressed,0
i was reading a little and people relate this to depression but i really don't think i am depressed,0
i just don't want to admit to myself i am depressed because somehow that makes me depressed,0
but for me it has to be the fact that i am lonely,0
i do take antidepressants setraline  mirtazapine anyone has got any ideia what is going on i do feel sad but not distressed,0
I need to make it special,1
the only thing i know is that when i am sad i become more sad and it never ends even when there's no reason,0
All the way? That's a little too much,1
i do feel lonely and hollow though,0
i am unhappy about everything,0
my opinion on whether i am depressed keeps bouncing back and forth because of this and i am now stuck in a spiral of confusion,0
i just am monotonous because i am depressed,0
while these aren't the reasons why i am depressed they are a biproduct of not committing suicide,0
even when i am with a group of people i like i still feel lonely,0
when you are messaging people and it either goes no where or they don't write back it just makes you feel lonely and unwanted,0
above all this i feel depressed,0
You'll win.,1
but it's also the hardest thing to do when i am depressed,0
god i am depressed,0
i am sad and hurt and not sure if he's sending a clear message,0
it's so easy to feel sad and it's so goddamn hard to be happy,0
I'm going to take the TOEIC test this time!,1
Phew... It's really scary in the morning,1
Let's go sledding together,1
Right? I fell while looking at my phone,1
i think i am sad all the time because i don't really have a purpose,0
i never used to feel lonely just sad but lately i've been feeling lonely too,0
I'm so excited,1
it's difficult to know if i am depressed or not too,0
you're entitled to feel sad,0
i don't even know what to expect from medication i just know how it is to feel depressed,0
i then find ways to occupy my time productively so that i don't have the option to feel lonely,0
see it's not like i am sad all the time,0
whenever i am alone i start to feel depressed,0
i realized my unhappiness is not coz am lonely but more to do with my low self image i have that stops me from stepping out of the house,0
worst thing is that i don't feel depressed i actually feel fine except for my wife wanting to examine reexamine and over analyse every facet of my behavior,1
but when i am depressed i just have zero power and motivation to do so and anything else,0
it doesn't sound like much but whenever i feel lonely i go out for a walk and visit random stores cafes or restaurants,0
so if tell someone dont feel sad it will never last because i havent changed the belief that is producing this feeling,0
"I mean, Kiki cod has been digging up daeprika and planting trees You know, Kiki wants to lower the temperature in the summer",1
they don't know that i am depressed,0
personally i overthink every situation which makes me feel sad or depressed that i didn't say the perfect thing to what they said,0
"Right. I think so, too.",1
i told a friend that i wouldn't go to a party with him saturday because i am depressed and really couldn't make it and he just replied fuck depression,0
i don't really feel sad but i do feel like life is passing me by,0
they know i am quiet and struggle to interact like other people but still no one knows i am depressed,0
i am lonely and i can't make any friend,0
they know i am depressed but they act as though it's just a stupid cry for attention,0
i am depressed and anxious i try to do every thing i can and it's never good enough,0
i don't like hanging with other people but i still feel lonely,0
suicide is like the best friend of my depression when i feel depressed suicidal thoughts kicks in most if not all the time,0
this happens all the time but for the past few months i've been in a bad mood and i am sad all the time,0
i am mostly sure i am depressed,0
feel lonely often,0
it can feel lonely when you feel you can't talk about your feelings to others,0
i indulge myself with the fantasy that i am lonely and apathetic by choice,0
Hold on. I need to talk to my wife,1
"As expected, cats grow fast",1
i don't feel sad or happy sometimes angry at things other people do but rarely,1
this is basically why i am depressed,0
i am always clean but i become hyperaware of messes or smells when i am depressed,0
i am sad this post doesn't have any comments i am really struggling with the same thing,0
i am lonely having no one being no one,0
i am lonely here,0
"Kiki, that style will be fixed",1
hi i am also in college and am depressed,0
she was the only one who knew i am depressed and bi polar and i told her i was cutting and she read the poems i wrote,0
maybe even question if i really do feel sad or depressed or whatever the fuck is going on with me,0
once again i don't feel depressed i have no suicidal thoughts,1
I heard hamster is really loud at night because he's active at night,1
i am not sad mad angry pissed off i am depressed,1
 he berates me on a daily basis then screams at me when i fuck up and wonders why i am depressed,0
i kept thinking how i'd rather feel sad again,0
"In the case of fresh food, Jeju Island doesn't deliver it even if you pay for it.",1
i am more the type of person who can't even pinpoint why i am depressed i've had a seemingly okay life nothing too tough or traumatizing,0
 am  am sad what am i doing with my life am  am deep depression cry myself to sleep every night,0
when i am depressed i just spend the time contemplating it or distracting myself with stuff to try to forget it,0
I envy you,1
I think it'll be two years before Kiki gets married,1
gti keep trying to avoid the things that make me feel depressed okay now start doing more things that you like,0
being around people when i am depressed or having someone to talk to really helps me,0
I finally finished cleaning the house,1
i am depressed suicidal but also pretty anxious especially socially anxious and the one thing that is keeping me from jumping off the balcony is anxiety,0
have a large ego and tough guy mentality so i refuse to believe i am depressed,0
"I'm always at war, LOL",1
they know when i am sad and they come sit on me or head butt me and everything feels a little easier to bear,0
i don't know if i am depressed i have a lot of friends and i am good looking i could easily get a girlfriend but i don't want,0
im not a doctor but whenever i am sad i feel like crap and feel like dying,0
But there are cases where you pay for a part-time job.,1
Is it a vaccine made in Spain?,1
a loving family a few good friends but i still feel depressed,0
so i am depressed i've come to terms with that,0
i am depressed because i don't do anything or i don't do anything because i am depressed ,0
"But since middle school, I was a city kid",1
He totally destroyed the store,1
and when i feel lonely i turn to reddit,0
it is not wrong to feel lonely in a crowd,0
I want to go to Verdong Gorge!,1
What kind of scam is it these days?,1
i am sad that i feel like this but i am also disappointed for those i hurt and the impact that can never be reversed,0
i know i am sad but don't know why and sometimes it feel like i am sad about nothing,0
and i feel lonely very lonely,0
all the best in life candle of hope  i am depressed he said i am hearing voices in my head pause,0
Jo Jubin got it for 42 years,1
you feel sad because you are a decent human being with a heart,0
i am lonely and i want something to help motivate me and have a better view of the future because i just don't have it in me anymore,0
i think i am depressed and i don't really want to seek help for it either,0
"When Kiki gets married, you feel free",1
when i am lonely because i can't relate there's been nothing i or anyone else could do to make myself feel better,0
they don't realise i am sad that i am tired,0
side note maybe the reason you feel lonely is because you think the people you are talking to don't care for you just a thought,0
"Yes, I'm glad to hear that. My driving skills were good because I drove it every day",1
i wish you the best of luck and know that you may feel lonely but you are not alone,0
i want to get help i want to tell people other than strangers that i am depressed i am hollow i am broken,0
"Since I got a vaccine, it's okay if I wear a mask ^^~",1
there are so many reasons why i am depressed in my mind physical life circumstances that cause me to be unhappy,0
"That's true. Since it came out when I was in middle school, I must have listened to it.",1
I've already watched it all. I'm watching a seahorse and a squid,1
"Kiki, do you feel the need to take care of your health by studying a lot these days?",1
i can almost pinpoint when it started but lately i just don't feel sad,1
in most cases people with depression do not always feel depressed,0
"That's right. I put down a cup of coffee and sat on the terrace and watched the forest, and it looked so good",1
mine isn't that bad and it goes up and down but i really feel like i am depressed and hopeless,0
i am depressed because i am lonely and i am lonely because i am depressed,0
Then buy me one. Kiki,1
i have suicidal thoughts and days where i can't get out of bed but i feel sad,0
"Yes, that's right. Webtoons are fun",1
i am unhappy about the person i am,0
What? My friend didn't pay me back. Why are you doing that to my friend?,1
my best friend doesn't know i am depressed nobody does,0
i feel lonely tired not caring and i don't look forward to the future,0
my dad thinks i am depressed but he doesn't think its important for me to get checked out,0
and when i am sad i tend to do stuff to make me more sad,0
they know i am depressed just not how depressed i actually am,0
it's totally normal to feel sad at times,0
i know i am depressed for completely different reasons but i just wonder if my past made me an easier target for it,0
if i keep it in my head that i am sad and will always be sad then i surely will feel that way,0
maybe it's all the pictures of beautiful women on reddit making me feel depressed about not having a girl friend,0
What do you mean... Smash the ice cream,1
i know that i feel lonely alot of the time and could use a talk every now and then,0
i am depressed as hell too with a college degree living at home,0
i feel sad and happy at the same time,0
"Yes, I went to play Kiki on the day!",1
feeling are also numb its a dark feeling of emptiness sometimes to the point where i cannot even feel sadness its so confusingly bad id be happy to feel sadness,0
i have close friends yet i am lonely and i definitely started noticing this around ,0
when i feel sad i like to go outside and he goes for walks or drives with me,0
i don't know why i am depressed most of the time,0
this is making me feel inadequate and making me feel depressed as a result,0
i am not low enough to feel sad and cry im not high enough to be genuinely happy,0
it's a large part as to why i am depressed,0
"Oh, no, don't cry",1
but because of that my parents think i am depressed because of her,0
That's right. Japan saves everything if you give them disaster support funds,1
but i feel unhappy,0
i am depressed simply because i never had a girlfriend,0
i am sad because i am lonely and bored but my sadness makes me stay lonely and bored,0
and when i do feel sad i am unable to reflect on it,0
i hug her at night when i am lonely and miserable,0
"If that's the reason, you can sell it",1
only would talk about real stuff with one but i always do that and he doesnt open up to me much so i dont know if id rather feel lonely,0
once i get up it usually takes like min for me to feel normal but dont get me wrong i am depressed but i hate that morning helpless feeling,0
it was the only part of the day i didnt feel lonely,0
i am depressed and i hate myself and its my fault,0
i am torn between thinking that i am depressed and thinking that i am just faking it,0
i am depressed or at least i think i am,0
although there was a bit that made me feel unhappy there i also had some sense of security and independence,0
i am lonely isolated and depressed,0
i carry on on the notion that even though i am unhappy,0
I heard the rent went up there. Is that why?,1
what's going on in your life that's making you feel depressed if you don't mind me asking,0
I think it'll be so pretty,1
this feeling of love is also super rare and i am sorta worried the next time i feel it i am also gonna feel sad,0
i want to buy anti depressants but i don't have a doctors prescription cause my parents don't know i am depressed,0
Wouldn't the people who go as soon as it opens live for three years instead of three days?,1
i build up the courage to tell them i am unhappy but i always bottle it and just tell them i am fine as i don't want to upset them,0
"If you want to buy it, Team Leader...Just soap",1
I'm looking forward to the presidential candidates this time haha,1
Why do you hate it? It's overwhelming,1
"Yes, that's right. My friends all did it, too",1
just a few days ago i suddenly began to feel depressed again but for no real reason,0
whenever i am depressed and only when i am depressed it's like i feel i need more space in my head,0
i don't feel depressed though just very bored,1
it's like is pointing out that i am sad really gonna help me be less sad,0
how did i fuck this up i wonder if he'll call me again i am sad because i actually liked someone for the first time in a while,0
"That's right. Since the technology is getting better, there are a lot of games that are more fun visually, so there's nothing we can do.",1
i don't like to admit to anyone especially myself that i feel depressed but i don't think there's anyway convincing myself otherwise,0
i can't for sure say i am depressed but i sure feel like it,0
china is bullying everyone around it because of territorial waters bang i am sad,0
There are a lot of people who walk without big dog muzzles despite the controversy,1
it makes me feel like a freak for having days when i feel sad,0
and he knows when i am sad and comes up to me and tries to snuggle,0
whenever i am depressed i can't even comprehend what i am reading a lot of the time,0
"It's cheap if it's 15,000 won for 6 months",1
i am as certain as i could possibly be that i am depressed  years each year worst than the last,0
i'll feel sad and i won't do anything because i am feeling sad,0
I touched a painful wound  Kiki.,1
There must be a lot of stray cats,1
if it wasn't real we wouldn't have a name for it right you don't deserve to feel sad,0
i am depressed and suffering right now not because i wasn't able to 'soldier through it' or just shake off the pain like it was nothing,0
however i have started to feel depressed lately,0
workout when you feel sad or listen to music,0
"When I was in high school, I had fun hanging out with my friends after school",1
it can be hard to consider depression the culprit when you don't specifically feel sad but it's possible it's hiding behind the numbness,0
i only feel sadness,0
Let's talk every day from today,1
"Kiki, it's winter now, so I'll work hard on it",1
Not necessarily.,1
it's late i am sad and i just want to know people understand and that there is hope,0
i don't even generally feel sad annoyed maybe but not sad,1
however the worst is though i feel depressed about all of this i also feel tremendously guilty and spoiled about this depression,0
i feel i am depressed for about  years,0
ciao being alone sucks so its not uncommon to feel depressed for that reason,0
depression acts as a kind of protection as long as you feel depressed you can't do anything you can't even feel,0
i've always felt the same about winter and am depressed every winter,0
many feel sad when times are good,0
i am depressed again and i don't think i can tell him,0
i don't feel like i've done anything to make anyone proud of me in a long time and nobody but reddit knows i am depressed,0
sometimes i think i made wrong choice dropping out of architecture and wasting a year  anyway i am depressed and anxious,0
if i am depressed i get more depressed if i am happy i get happier etc,0
no matter how hard i try i cant make myself accept that i am depressed,0
i am depressed and suicide seems like an option,0
I guess he got better soon because he put so much effort into it,1
even though i am depressed still that moment of the day was good to have to put off some weight that was on my mind,0
i am depressed because i am a fuck up,0
i am depressed right now so sorry but not me,0
I'm so stressed out because of my roommate,1
"I want to be a villager there, too",1
i don't want to get too into it but i am depressed and anorexic,0
i am depressed because of something that is unfixable and will effect the most important aspects of what i wanted in life,0
i feel lonely as i don't have many friends but am having trouble making new ones because i am so drawn into myself,0
i am depressed because i don't have any friends,0
i feel depressed is the most i can ever get out but that is wholly insufficient and no one hears what i am trying to say,0
I guess the plane was damaged and the flight was delayed,1
video games are definitely an escape for me when i am depressed,0
But the size was too small. It tasted good,1
i can't tell if i am depressed though,0
when i am depressed as i am now i do it more,0
some days i feel good and happy some days i feel sad and alone,0
everyday is just another day for me to feel lonely,0
i don't think i am depressed i am just,0
i feel depressed and terrible,0
Can I buy soap?,1
i don't even know if i am depressed but i don't want to potentially burden my friends or tie up a professional's useful time,0
my only choice is to find work and i would like to but i just feel depressed when i think that i have to work for the rest of my life,0
how do i know if i am depressed i have a good group of friends family doing well in school parttime job etc etc,0
i just don't know whether i am depressed or not,0
"The more people there are, the better",1
There are a lot of people who don't like Moon Jae Ins,1
i don't even feel depressed really just completely drained of energy or emotion and don't know where else to post this,0
but only recently has alcohol started to make me feel sad when i drink too much of it,0
it's normal to feel sad when you go through a breakup,0
I found out that the Uyuni Salt Desert is in Bolivia.,1
i don't feel sad i just don't really feel,1
so cherish the fact that while you may feel lonely at least there's one person you can count on,0
"Yeosu is close to Jeolla-do, so I went there often",1
i am fully aware that i am depressed and that i bring myself down by thinking negatively but i still can't seem to shake that pessimistic feeling,0
i feel as though i cant talk to them about my overall emptiness so i feel lonely alone with my thoughts and no one to share them with,0
i got tired of it and isolate myself then i feel lonely and i become suicidal,0
i don't feel depressed yet my doctor said i was when it started giving me headaches i took antidepressants for  weeks and then quit because of some allergy,1
it's when i have to go out into society that i start to feel depressed anxious angry and overwhelmed,0
when i am depressed i drown myself in video games,0
hi everybody i was put on zoloft to months ago and i still feel sad and depressed i have cerebral plasy so i can't get out much what should i do,0
we help each other out and it's so nice to have someone who is ok when i just tell them i feel sad and will just let me be,0
"Yes, it changed so much that I was confused at first.",1
i don't do anything because i am depressed,0
i dont necessarily feel sad just empty,0
overall i know why i am depressed,0
am i depressed i don't feel depressed,1
You said you don't have any friends,1
yeah i feel lonely,0
i don't want to tell anybody i am depressed because i know i don't have a reason to be but i think they might really help me,0
i have no idea how to tell them i am depressed,0
barely anything will makr me feel sad for anyone else,0
My dad ate. Kiki,1
i am depressed but i am not depressed enough for anyone to care or help,1
he doesn't get shit i am depressed and he's interpreting it as anger towards him,0
even if it's only something like saying you still feel depressed,0
when i am depressed i feel that is all i ever known in my life,0
when i wake up i progressively get happier and when nighttime hits i am sad again this makes it difficult to get to sleep and is making me tired during school,0
i am lonely and have no real friends,0
especially my mom who i don't think even knows i am depressed right now i don't want that to happen again,0
it may be a little hard if you both feel depressed at the same time,0
my mum knows that i am depressed but i don't know if she knows how serious it is,0
when i am depressed i spend a majority of my time distracting myself from myself  sleep tv internet smoking,0
"Yes, I'll take this tooth out for you, too. LOL",1
 of the time i am depressed and just want to be alone but even my depression is so inconsistent,0
any comments suggestions if i am depressed what should i do i honestly don't know,0
and it made me angry because i was paying someone to tell me useless crap like next time you feel depressed get up and take a walk,0
if i feel lonely and isolated and want to find solace in a book i read j,0
as i just said i am unhappy regardless of context,0
"When I learned how to play the piano, I took a test and I hated it as if I was studying Kiki's writing Kiki.",1
