cbt_no,chatbot,user,translated
CBT 1-1,안녕! 마음의 방에 온걸 환영해.,안녕 ,Hi.
,사람은 여러 가지의 감정을 느껴. 좋은 기분도 싫은 기분도 느끼게 되는데 그것은 자연스러운 거야. 만약 부정적인 기분이 들더라도 이를 부정해서는 안되.,자신의 감정을 받아드리는게 중요하구나,It's important to accept your feelings.
,"울적한 기분이 들었을 때 그 후에 어떻게 행동할까, 어떻게 생각할까 하는 것은 별개의 문제야. 예를 들어, ‘분노’, ‘화’는 나쁜 감정이 아니야. 오히려 화가 나서 물건을 집어 던진 행동이 잘못된거지. 마찬가지로 ‘우울’, ‘슬픔’도 나쁜 감정이 아니야. 슬퍼서 할 일을 미루고 아무것도 하지 않는 것은 문제가 될 수 있지.",그걸 알면서도 가끔은 감정이 행동으로 나도 모르게 이어지는거 같아,"Even though I know that, sometimes I think my emotions lead to actions without realizing it."
,"최근에 있었던 기분 좋았던 일이나 기분 나빴던 상황을 떠올려 볼래? 예를 들어, 학교나 직장에서는 어땠어? 친구들과 있었을 때는? 그 상황에서 나는 어떤 감정을 느끼고 있을까?",논문 쓰는걸 드디어 끝냈어 기분 좋아,I'm finally done writing my thesis. I feel good.
,방금 연습해 본 것처럼 앞으로 일상에서 어떤 생각을 하고 어떤 감정이 들고 어떤 행동을 하는지 함께 찾아나갈거야.,좋아 앞으로 잘 부탁해,Good. Please take good care of me.
,앞으로 차근차근 하나씩 같이 해보자!,공백,a blank space
CBT 1-2 ,마음의 방에 온 것을 환영해! 오늘도 생각-기분 연관성을 탐색하는 시간을 가지려고 해.,공백,a blank space
,"우리가 부정적인 생각을 할수록 기분은 더욱 나빠진다고 했잖아, 오늘은 반대 경험을 느껴보려고 해.","오, 그래","Oh, okay."
,"분명 우리 일상에도 즐겁고 행복한 일들이 있는데 이것들은 간과되고 있을 가능성이 커. 지난 24시간 동안 가장 행복했던 시간을 기록해보자. 예를 들어, 친구가 우스꽝스러운 말을 해서 너무 웃겨서 오랜만에 크게 웃었을 수도 있고, 미루던 일을 모두 끝마쳤을 수도 있고, 산책하던 길에 햇빛이 너무 이쁘게 비쳤을 수도 있겠지. 나의 가장 행복한 순간은 어떤 모습이야?","베이스 연습하기 좋은 유튜브 채널을 찾아서 너무 좋아 ! 그리고 교회분들이 많이 생일 축하해주셨는데, 행복하더라구","I am so happy to find a YouTube channel that is good for practicing bass! And many church members wished me a happy birthday, and I was happy."
,이러한 사건들을 회상하고 기록하면서 행복한 시간을 재경험 하면 좋겠어. 그리고 여유가 된다면 앞으로 며칠 동안 나의 행복한 순간이 다시 일어나도록 계획해도 도움이 될 거야. 산책을 더 자주 나가거나 친구와 더 자주 연락을 하는 것처럼.,그렇게 해볼게,I'll try that.
,오늘도 고생 많았어! 다음에 다시 만나자~,공백,a blank space
CBT 1-3,안녕! 마음의 방에 왔구나~,공백,a blank space
,우울하거나 기분이 좋지 않을 때 나의 기분은 항상 그렇다고 느끼기 쉬울 수 있어. 그리고 마치 세상에 혼자인 듯한 외로운 기분을 느끼기도 하지.,"예전에는 가끔 그런 감정을 느끼고는 했는데, 지금은 별 생각 안드는거 같아","I used to feel that way sometimes, but now I don't think much."
,그러나 실제로 내 주변에 도움을 줄 수 있는 사람이 많을 수 있어. 오늘은 나의 일상에서 도움이 되는 사람들을 인식함으로써 고립감을 줄이고자 해.,좋아 그렇게 해보자,"All right, let's do that."
,"가족, 친구, 선생님, 직장동료, 동아리 회원 누구든 좋으니 나를 알고 지지하는 사람들을 떠올려 보자. 쉽게 생각나지 않는다면 다음의 질문들을 고려해봐.",그래,Okay.
,외로울 때 누구와 이야기하면 편해질까?,나는 공감대나 처한 상황이 비슷한 사람이랑 이야기 하는걸 좋아해,I like to talk to people who are in a similar situation or in a similar situation.
,누구에게 도움을 청하면 안정되는가? 가족 중에서 떠오르는 사람이 있어? 친구나 주변 지인에게 도움을 요청했던 적은 없는지도 천천히 생각해봐.,가족들한테는 이야기를 많이 하지는 않는거 같아. 물어보시면 이야기를 하는데 내가 먼저 이야기를 하지는 않아. 가끔가다 동생 ?,"I don't think I talk to my family much. If you ask, I tell you, but I don't tell you first. Sometimes, younger brother?"
,이렇게 힘들 때 도움을 요청할 수 있는 사람들이 있다는 것을 잊지 말았으면 좋겠어. 마음의 방도 언제나 열려 있어!,좋아,OK.
,오늘도 찾아와줘서 고마워. 고생 많았어~,공백,a blank space
CBT 2-1,마음의 방에 왔구나! 나와 같이 힘차게 해보자!,공백,a blank space
,일반적으로 우리가 느끼는 감정 뒤에 숨겨진 생각을 고민해 본 적이 드물거야.,맞아 별로 깊게 생각 안하는거 같아,"Yeah, I don't think I'm thinking too deeply."
,하지만 앞으로 마음의 방에서는 나의 생각을 파악하는 것이 중요해. 오늘은 다양한 나의 생각을 찾아내는 연습을 할 거야.,그래 해보자,"Okay, let's do it."
,여기서 감정 반응이 아닌 감정을 불러일으킨 생각을 적는 것이 중요한 포인트야!,오키,Okay.
,다음은 우리가 흔하게 겪는 상황들이야. 당시를 회상하면서 나는 어떤 생각을 했는지 떠올려봐.,재밌겠다,Sounds fun.
,중요한 일정을 앞둔 상황에서 나는 무슨 생각을 할까?,중요한 일정에서 할 일을 간단하게 상상하고 끝나고 쉬고 있는 내 모습을 상상해,"I simply imagine what I have to do on an important schedule, and I imagine myself resting afterwards."
,사람들 무리 속에서 나는 무슨 생각을 할까?,"별로 생각하지는 않는거 같아, 그냥 내가 해야 될 일이 뭐가 있을까 정도 ?","I don't think I'm thinking much, just what I need to do?"
,"앞으로도 슬플 때, 화가 날 때, 내 기분이 변하는 것을 느낄 때 내가 지금 무슨 생각을 하고 있는지 곰곰이 생각해봐.",ㅋㅋ 그래,Lol yes
,"지금은 낯설고 어려울 수 있지만, 이런 연습이 반복된다면 훨씬 수월해질 거야! 다음에 만나자~ ",공백,a blank space
CBT 2-2,안녕! 오늘도 마음의 방을 찾아줬구나~ 기다리고 있었어.,공백,a blank space
,저번에 배운 ABC 기억나? 오늘은 나에게 직접 적용해 볼거야. 자동적 사고를 떠올리는 것은 어려울 수 있기 때문에 다양한 질문들을 해 볼게.,ABC가 뭐야 ?,What is ABC?
,이번 주에 내 기분이 안 좋아졌던 상황을 떠올려봐.,기분이 안 좋기 보다는 친하게 지내던 동생이 앞으로 교회 안 나갈거 같다라고해서 당혹스러웠어,"Rather than feeling bad, I was embarrassed because my close brother said he wouldn't go to church from now on."
,그때 내 머릿속에 스쳐 지나간 생각은 무엇이야? 혹은 무엇이 마음 속을 스쳐 지나갔을까?,"이거는 생각도 못했던 일인데, 오래동안 생각하고 내린 결정일테니까 존중해줘야겠다","I didn't even think about this, but I'll have to respect it because it's been a long thought decision."
,이 상황은 나에게 무엇을 의미할까?,당연하다고 생각한 것들이 알고보니 당연하지 않았다,Things that I thought were natural turned out not to be natural.
,이 일은 나에게 무엇을 말해줄까?,"음 .. 그러게, 마음을 터놓고 편하게 지냈던 사람들이 하나 둘 멀어지는거를 볼 때 마다 심란하긴 하지만, 주변 사람들한테 휘둘리지 말고 내 갈 길 가는게 맞는거 같아","Well, I know, it's disturbing to see people who have been comfortable and open-minded getting away one by one, but I think it's right to go my way without being swayed by people around me."
,그때 상황에서 나는 어떤 일들에 대해 생각했을까?,앞으로 어떤 변화가 있을지 ?,What's going to happen in the future?
,어때? 내가 마음이 불편할 때 어떤 생각들을 하는지 파악이 됐어?,응 그런거 같아,"Yeah, I think so."
,오늘은 처음이라 많이 어려웠을 수도 있어. 앞으로도 계속 연습할테니 너무 걱정하진 마!,좋아,OK.
,다음에 만나~,공백,a blank space
CBT 2-3,오늘도 마음의 방에 와줬구나~ 반가워!,공백,a blank space
,"내가 긴장하는 상황을 떠올려 보자. 이를 테면, 사람들 앞에서 발표를 해야 한다던지 오랜만에 동창 모임에 나가는 것처럼.",준비하지 않은 상황이 닥쳐왔을 때 많이 긴장하는거 같아,I think I get really nervous when I'm not ready.
,"그때 느꼈던 신체 증상은 어떤 것이 있었어? 예를 들면, 손에서 땀이 났다, 심장이 두근두근 거렸다, 얼굴이 화끈거렸다, 식은땀이 났다, 속이 울렁거렸다, 배가 아팠다 등 다양한 증상이 있을 수 있어.",머리가 백지 상태로 변해서 다음에 뭘 해야 할 지 몇 초동안은 안 떠오르고 식은 땀도 나,"My head's blank and I can't think of what to do next for a few seconds, and I'm sweating."
,그때를 잘 들여다보자. 나의 감정은 어땠을까?,당황스럽고 심장 두근거리고 식은땀 나,"I'm flustered, my heart beats, and I'm sweating."
,감정의 크기는 어땠어?,온전히 느끼는거 같아,I feel like I'm feeling it completely.
,한 번 더 연습해 보자. 반대로 내가 편안한 상황은 어떤게 있을까? 나는 향초를 켜놓고 목욕을 할 때가 참 좋더라고.,좋아하는 음악을 들으면서 집 주변에 있는 하천을 따라 걸으면 마음이 편해지는거 같아,I think walking along the stream around my house while listening to my favorite music makes me feel comfortable.
,그때는 어떤 신체 감각을 느꼈을까？,신체감각이 어떤 의미야 ? 그냥 편안하고 좋다라고 느끼는거 같아,What do you mean by physical sensation? I just feel comfortable and good.
,편안함의 감정 강도는 어땠어?,꽤 큰 거 같아. 복잡한 머리속이 정리되는 기분이야,I think it's pretty big. I feel like I'm clearing up my mind.
,이렇게 신체 감각과 나의 기분 사이의 연관성에 대해서 알아봤어. 생각했던 것보다 밀접하게 관련이 있다는 것을 알 수 있었지.,그렇구나,I suppose.
,앞으로는 몸이 아프다면 내 감정도 들여다보면 도움이 될거라 믿어.,고마워,Thank you.
,"오늘도 고생 많았어, 다음 시간에 만나자~ ",공백,a blank space
CBT 3-1,마음의 방에 와줬구나!,공백,a blank space
,"이번 주에 기분이 나빠지는 상황을 떠올려 볼까? 그 상황에서 나는 어떤 생각을 했을까? 예를 들어 ‘나는 사람들을 실망시켜 왔다’, ‘아무도 나를 이해해 주지 않는다’, ‘나는 부족하다’, ‘다른 사람들은 내 실력이 별로라고 생각할 것이다’ 이런 생각이 들지는 않았어?",잠을 자려고 침대에 누웠는데 잠이 잘 안 와서 조금 기분이 안 좋았던거 같아,"I lied down on the bed to sleep, but I couldn't sleep well, so I felt a little bad."
,오늘은 나의 자동적 사고에 대해서 질문하는 시간을 가지려 해. 이런 구조적인 질문은 사고를 객관적으로 평가하는데 매우 유용해.,자동적 사고 ? 뭔가 어려울거 같아,Automatic thinking? I think it's going to be hard.
,다음의 질문들을 보면서 스스로 반박해보자.,좋아,OK.
,"이 상황에서 일어날 수 있는 최악의 일은 무엇일까? 최고의 일은? 내 생각을 뒷받침하는 증거는 무엇인가? 나의 생각에 반하는 증거는 무엇일까? 나의 생각을 믿어서 나타나는 효과는 무엇이 있을까? 내 생각을 바꿨을 때는 그 영향은 무엇인가? 친구가 나와 같은 유사한 상황에 처해 있다면, 무슨 말을 해줄 것인가?",아무래도 최악의 상황은 누워만 있다가 아침을 맞이하는걸꺼야. 최고의 상황은 바로 잠드는거겠지 ? 잡생각이 많아서 잠에 잘 못드는거다라는 주장을 펼치고는 하는데 실제로 그런거 같아. 가만히 누워있으면 잡생각이 자꾸 나,"Perhaps the worst is to lie down and face the morning. The best thing to do is fall asleep right away, right? He claims that he can't sleep well because he has a lot of thoughts, but I think he actually does. When I lie down, I keep thinking about other things."
,이렇게 일렬의 질문들을 통해 상황을 왜곡된 방식이 아닌 객관적으로 바라볼 수 있어.,쉽게 적용하기는 어려울거 같네 ㅜ,I think it will be difficult to apply it easily.
,"앞으로 마음의 방에서 나의 생각이 타당한지, 합리적인지 구별해내는 다양한 기법들을 구체적으로 다룰거야. 나에게 어떤 방법이 가장 적합한지 찾아봐. ",공백,a blank space
CBT 3-2,안녕! 마음의 방에 온 걸 환영해. 오늘도 우리 기분을 좋게 해주기 위해 같이 노력해보자.,공백,a blank space
,우울할 때는 나의 상황에 대해 균형적인 시각을 가지는 것보다 몇몇 사실에만 집중하기 쉽기 때문에 오류가 섞여 있는 경우가 많다고 했잖아.,맞아 그랬었지,"Right, we did."
,오류를 찾아내는 첫 번째 연습으로 우울한 사람들이 흔히 보이는 인지적 오류 내용을 바꾸는 연습을 해보자.,어렵네,It's hard.
,"‘지금 모든 것이 망가졌다’, ‘내 삶은 다 망했다’ 내용의 흑백논리 오류의 타당성을 평가해보자.",무슨 말인지 잘 모르겠어,I don't know what you're talking about.
,"아직 잘 되어 가고 있는 것을 떠올려 볼까? 예를 들어, 직업 영역에서는 실수가 있었지만 대인관계는 잘 유지되고 있을 수도 있겠지. 혹은 친구 한명과 갈등이 있었지만 나머지 사람들과는 좋은 관계를 맺고 있거나.",지금은 다 순탄하게 흘러가는거 같아,Everything seems to be going smoothly right now.
,"하나만 더 해보자. ‘난 아무것도 제대로 할 수 없어’, ‘나는 아무와도 어울릴 수 없다’ 내용의 흑백논리 오류의 타당성을 평가해보자.",어떻게 평가하는거야 ?,How do you evaluate it?
,내가 이루어 낸 일은 무엇이 있는지 떠올려 볼까? 그리고 나와 어울리는 주변 사람들은 누가 있는지 떠올려 보자.,올해 교회에서 베이스 연주자 직분을 맡게 되었어 올해는 새로운 사람도 많이 알게 된거 같아,"This year, I took over the role of bassist at the church, so I think I got to know a lot of new people this year."
CBT 3-3,안녕! 오늘도 마음의 방에 와주었구나~,공백,a blank space
,"지난 시간에는 우울한 사람들이 흔히 보이는 인지적 오류 내용을 바꿔 봤다면, 이번 시간에는 우리의 생각을 적용해보자!",그래,Okay.
,직접 받아쓰는 것이 도움이 될 수 있어. 글씨로 보게 된다면 나의 생각을 보다 냉정하게 평가할 수 있거든. 마치 생각이 마음속의 어둡고 구석진 곳에서 밝은 곳으로 나왔을 때 생각에 동반되는 오류들도 같이 드러 날거야.,어디던지 적어두는게 중요하구나,It's important to write it down everywhere.
,"이번 주 내 기분이 울적해졌던 상황을 떠올려 보자. 그 상황에서 어떤 생각을 했어? 예를 들어, 룸메이트가 방 정리를 해달라고 요청했을 때 나는 어떤 생각을 했을까... ‘룸메이트가 날 미워하는구나, 나는 진정한 친구가 하나도 없어’, ‘나는 배려심이 없는 아무짝에도 쓸모가 없어’라는 생각이 떠올랐어.",오랫동안 알고 지내던 친구 한 명을 떠나보낸다고 생각하니까 울적해졌어,It made me sad to think that I was leaving a friend I've known for a long time.
,"글로 적어놓은 내 생각을 바라보자. 오류는 없을지 살펴보자. 이를테면, ‘반드시’, ‘절대적으로’처럼 극단적인 표현은 없는지 확인해보자. 혹은",극단적인 표현은 없어,There's no extreme expression.
,"좀 더 현실적인 판단은 없는지 이성적으로 대응해보자. 예를 들어, 나는 ‘나의 행동이 싫다고 표현한 거지, 내가 싫다고 말한 적은 없어’ 혹은 ‘나는 가끔 정리를 안 하긴 해, 이런 행동은 고칠 수 있어, 나는 불완전한 사람이지 쓸모없는 사람은 아니야’ 라고 바꿀 수 있을 것 같아.","알아서 잘 살거야, 나는 내가 지금 상황에서 할 수 있는걸 하면 돼 ","I'll live on my own, I just need to do what I can in this situation."
,많이 어려웠을텐데 열심히 해줘서 고마워! 오늘도 수고 많았어~,공백,a blank space
CBT 4-1,안녕! 여기는 마음의 방이야~,공백,a blank space
,기분이 우울할 때 부정적인 생각을 떨쳐내기 어려울 때가 많아. 이런 부정적인 생각은 잠시 사라졌다가도 금세 다시 떠오르지. 그래서 부정적인 생각을 중단하거나 다른 생각으로 전환하기는 쉽지 않을 수 있어.,맞아 전환하는게 쉽지가 않고 어떤 날은 하루종일 가기도 하는거 같아 ,"Yeah, it's not easy to switch, and I think some days I go all day."
,그러나 일련의 연습을 통해서 충분히 가능한 일이기도 해. 오늘도 하나씩 같이 해보자.,좋아,OK.
,탐정 놀이를 해볼까? 마치 탐정이 되었다고 생각해봐. 우리의 왜곡된 사고에 반박할 수 있는 많은 사실과 단서를 찾아볼거야.,탐정놀이 좋지,Detective is good.
,"나의 생각이 틀렸음을 지지하는 증거는 어떤 것이 있을까? 예를 들어, ‘나는 주변의 몇몇 사람들과 잘 지낸다’ 혹은 ‘나는 일단 시작한 일은 끝내는 편이다’ 이런 것들이 증거가 될 수 있겠지.",나는 책임감이 없지는 않다 ,I am not without responsibility.
,또 어떤 반대되는 증거를 찾을 수 있을까?,주변 사람들과 대체로 잘 지내는 편이다 ?,Do you usually get along with people around you?
,이렇게 반대되는 증거들을 찾았으니 나의 생각이 마냥 옳았다고 보기는 어렵겠지? 조금은 적응적으로 바꿔보자.,그래 한번 해볼게,"Okay, I'll give it a try it."
,잘했어! 이렇게 왜곡되어 있던 생각들을 현실적으로 바꾸다 보면 기분도 금방 좋아질거야.,공백,a blank space
CBT 4-2,안녕! 마음의 방에 온 것을 환영해~ 오늘도 함께 유익한 시간 가져보자.,공백,a blank space
,지난 시간에 이어서 우리의 왜곡된 생각들을 보다 도움이 되는 객관적인 방식으로 바꿔 보려고 해. 역기능적 핵심신념을 믿었을 때의 비용-이익을 분석해 볼거야.,어렵다,It's hard.
,과연 ‘상대방은 분명 나에게 화가 났을 것이다’ 라는 왜곡된 생각을 믿었을 때 득이 더 많을까? 혹은 실이 더 많을까?,실이 많지 않을까 ? 직접적으로 듣지 않는 이상 괜히 지레짐작해서 피곤해질거 같아,"Wouldn't there be a lot of threads? Unless you listen directly, you'll be tired from guessing."
,"이익은 뭐가 있을까? 예를 들면, 그 사람을 조심스럽게 대할 수 있겠지. 또 무엇이 있을까?",내가 한 행동을 돌이켜볼 수 있다 정도 ?,I can look back on what I did.
,"그렇다면 반대로 비용은 뭐가 있을까? 예를 들면, 상대방 눈치를 보느라 위축되고 내 의견을 분명하게 말을 못할거야. 또 무엇이 있을까?",그 사람의 눈치를 보느라 내가 평소라면 신경쓰지 않았던 것들도 신경쓰게 되면서 더 쉽게 피로해져 ,I get tired more easily because I care about things that I normally don't care about because I'm looking at him.
,"그럼 양쪽 입장을 종합적으로 봤을 때, 왜곡된 생각을 유지하는 것이 도움이 될까? 혹은 이를 대체하는 것이 더 유용할까?",왜곡된 생각을 바로잡는게 이득이긴 하겠지 ?,"It would be beneficial to correct distorted ideas, right?"
,무조건적으로 왜곡된 사고를 믿기보다는 객관적으로 따져보는 연습이 도움이 될거라 믿어. 오늘도 고생 많았어~,공백,a blank space
CBT 4-3,마음의 방에 온 것을 환영해! 오늘은 행동과 기분 사이의 연관성을 살펴보려고 해.,공백,a blank space
,우울할 때 어떤 주로 어떤 행동을 하는 것 같아? 예를 들면 가만히 누워있거나 핸드폰 하기 이런 것들이 있겠지.,나는 주로 산책하거나 잠을 자는거 같아,I think I usually take a walk or sleep.
,그 행동을 하고 나서 기분은 어땠어?,머리가 개운해져,I feel refreshed.
,그 행동이 기분을 나아지는데 도움이 되었어?,응 그렇지,"Yes, that's right."
,그렇다면 기분이 나아지는데 도움이 되는 행동은 뭐가 있을까? 잘 떠오르지 않는다면 이전에 기분을 좋게 해줬던 활동을 떠올려보자. 이런 행동을 직접 해보고 기분 변화가 있는지 살펴보자!,운동을 하면 도움 될 거 같아  근육통이 좀 나아지면 동네 헬스장 가려고 ,I think exercising will help. I'll go to the local gym when my muscle pain gets better.
,그런데 피곤하고 의욕이 없어서 이 활동을 하기가 부담스러울 수 있어. 그럴 때는 쉬운 단계의 활동부터 시작해서 활동량을 늘려서 기분을 바꿔주는 경험을 해보는 것이 도움이 될 수 있어.,맞아 너무 목표를 크게 잡으면 하기도 전에 질리는거 같아,"Right, if you set a big goal, you get sick of it even before you do it."
,내가 해보고 싶은 활동을 총 4단계로 나눠 보자. 우선 가장 먼저 무엇을 해야할까?,운동복으로 갈아입어야지,I'm going to change into my tracksuit.
,그 다음엔 어떤걸 해야할까?,신발을 신는다,Put on shoes.
,그 다음엔?,헬스장으로 출발한다 ,I'm leaving for the gym.
,마지막엔 어떤 행동을 하면 될까?,하기로 마음먹은 운동을 해야지,You have to work out that you're determined to do.
,마지막 행동을 하고 나면 어떤 기분이 들까?,아 개운해 ?,"Ah, it's refreshing"
,시작하기 어려운 활동도 이렇게 단계를 나누어 한 단계씩 하다보면 생각보다 쉽게 해낼 수 있고 결국 내 기분을 좋게 해줄거야.,공백,a blank space
CBT 5-1,오늘은 우리가 가진 핵심신념이 과연 나에게 도움이 되는지 확인해보는 시간을 가질거야!,공백,a blank space
,"이번 주 동안 기분이 우울해졌거나 마음이 쓰였던 상황이 있을까? 예를 들어, 나는 다음주 다가오는 시험이 걱정이 돼서 기분이 쳐졌어.",그러려니 하고 웃어 넘어가면 되는 말들도 너무 예민하게 받아들이는거 같아.. 가끔 내가 개복치같아 ,I think I'm taking things too sensitively when I laugh and move on. Sometimes I look like a sunfish.
,그 상황에서 일어날 수 있는 가장 최악의 일은 무엇이 있을까? 나는 시험을 망치면 그 과목을 낙제하는 것이 최악의 결과일 것 같아.,예민하게 받아들여서 상대방과 언성을 높이면서 싸운다 ?,You take it sensitively and fight with the other person while raising your voice?
,그 일이 실제로 일어날 확률은 얼마나 될까? 나는 글쎄... 그 동안 해왔던 게 있어서 낙제는 안 할 것 같아. 아마 0-5%?,내가 어떤 태도로 대하느냐에 따라 다른데 2~30%는 되는거 같아. 스트레스가 너무 심하면 나도 모르게 감정적이 돼,"It depends on how I treat it, but I think it's about 20-30%. When I'm stressed out, I get emotional without realizing it."
,그러면 무엇이 가장 최고의 일은 무엇일까? 최고의 일은 내가 시험을 망치지 않고 100점을 받는 것이지!,어떤 말이 기분을 안 좋게 했다 라고 조곤조곤 말하면서 상대방한테 알려주거나 능청스럽게 받아치는거야 ,"You quietly say that something made you feel bad, and you let the other person know or respond tactfully."
,가장 현실적인 결론은 무엇일까?,한 귀로 듣고 한 귀로 흘린다 ?,One ear and one ear?
,어때? 현실적인 결론을 생각해보는 것을 통해 기분이 좀 괜찮아질 것 같아?,그게 내 주변 사람들한테 들은 말일수록 잘 안되는거 같아. 쉽지는 않지만 노력해볼게,"The more I've heard from people around me, the less it works. It's not easy, but I'll try."
,"그렇구나, 기분이 우울할 때 현실적인 부분에 대해 생각해보는 것은 어려운거야. 앞으로도 계속 연습할거니까 너무 걱정하지 않아도 돼! 오늘도 잘했어!",공백,a blank space
CBT 5-2,안녕! 마음의 방에 와주었구나~ 오늘도 함께 유익한 시간 보내보자!,공백,a blank space
,신념은 어렸을 때부터 형성되어 온 거라 상당히 경직되어 있기 때문에 쉽게 바뀌지 않을 수 있어. 오늘은 경직된 것을 조금은 유연하게 바꾸는 연습을 해보려 해.,좋아,OK.
,"나의 역기능적 신념을 고수하려는 ‘그렇지만’을 떨쳐버릴거야. 예를 들어, 오늘 끝마쳐야 하는 과제가 있는 상황에서 ‘그렇지만 나는 실력이 없으니깐 할 수 없을거야’ 혹은 ‘그렇지만 나는 해봤자 망칠게 뻔해’ 라고 생각할 수 있겠지.",그렇지만 이라고 생각하는 경우는 별로 없는거 같아,But I don't think that's the case.
,"‘나는 실패자다, 나는 쓸모가 없다, 아무도 나를 좋아하지 않는다’ 역기능적 신념을 고수하려는 방어적인 태도는 뭐가 있을까? 예를 들어, ‘그렇지만 노력해도 못할 것이다, 그렇지만 나는 매력이 부족하다’ 라는 것이 있겠지. 또 뭐가 있을까?",그렇지만 이미 결정되어 있는 것은 바꿀 수가 없다 ?,But what has already been decided cannot be changed?
,"이제 이것에 반박해보자. ‘일단 시작해보자, 노력해도 안 되면 다른 방법을 찾아보자’ 라고 할 수 있겠지. 또 어떻게 반박할 수 있을까?",현실을 받아들이고 내가 할 수 있는걸 해라,Take the reality and do what I can.
,이 과정을 반복하면 경직된 역기능적 신념은 보다 유연해 질거야! 오늘도 도움이 되었길 바래~ 다음에 만나자!,공백,a blank space
CBT 5-3,마음의 방에 또 와주었구나!,공백,a blank space
,"이번 주 동안 우리의 역기능적인 핵심신념이 유용한지, 나에게 도움이 되고 있는지 확인하고 있는데 어떤 것 같아?",쉽지 않아,It's not easy.
,생각해 보면 우리 모두 궁극적으로 나에게 가장 좋은 것을 원하잖아. 장점과 단점을 비교하면 나에게 정말 도움이 되는지 밝혀내는데 유용해. 이렇게 편견이 없는 객관적인 입장에서 평가하면 더욱더 도움이 되는 건강한 태도를 갖출 수 있을거라 믿어.,그래 노력해볼게,"Okay, I'll try."
,"’나는 실패자다, 나는 쓸모가 없다, 아무도 나를 좋아하지 않는다‘ 라고 믿었을 때의 장점은 뭐가 있어?",실패해도 별 기대하지 않았기 때문에 큰 타격이 없을거 같아,"Even if I fail, I didn't expect much, so I don't think there'll be a big blow."
,그러면 단점은 뭐가 있을까?,낮은 자존감과 자신감으로 매일매일이 우울하겠지,Low self-esteem and self-confidence will make you depressed every day.
,"이제 생각을 해보자. ’나는 실패자다, 나는 쓸모가 없다, 아무도 나를 좋아하지 않는다’ 라고 생각하면 얻는 것이 더 많을까 혹은 잃는 것이 더 많을까?",잃는게 더 많을거 같아,I think there's more to lose.
,오늘도 잘 따라와 줘서 정말 고마워. 그럼 다음 시간에 또 보자!,공백,a blank space
CBT 6-1,이번주도 마음의 방에 와주었구나! 반가워~,공백,a blank space
,우울할 때 부정적인 생각에만 주의를 기울인다고 말했던 거 기억나?,응,Yes.
,오늘은 부정적인 생각 말고 다양한 생각을 떠올려보자! 처음부터 긍정적인 생각을 떠올리긴 어려울 수 있으니깐 단계별로 해볼게.,그래,Okay.
,"먼저 ‘나는 실패자다, 나는 쓸모가 없다, 아무도 나를 좋아하지 않는다‘ 를 중립적으로 바꿔 보자. 예를 들어 ‘아무 일도 못하는 쓸모 없는 사람 같더라도 1-2개 잘하는 일은 있을 거야’ 라고 생각하는 거지. 한 번 직접 해보자.","누구나 처음에는 실패할 수 있다. 나도 잘하는게 무엇인가 있고, 나를 좋아하는 사람들도 어딘가에 있다","Anyone can fail at first. There's something I'm good at, and there are people who like me somewhere."
,"잘했어. 그럼 이제는 '나는 실패자다, 나는 쓸모가 없다, 아무도 나를 좋아하지 않는다‘ 를 긍정적으로 바꿔 볼래?","나는 성공으로 가는 길에 있고, 많은 사람들이 나를 필요로 한다","I'm on the road to success, and a lot of people need me."
,"좋아, 한 번만 다시 연습해보자. ‘나는 부족하다, 나는 남들에게 좋은 인상을 주지 못한다, 세상이 나를 힘들게 하는 것 같다’를 단계적으로 바꿔보자.","나는 부족하지 않고, 다른 사람에게 긍정적인 에너지를 준다","I am not lacking, I give positive energy to others."
,잘했어! 처음이라 어려울 수도 있겠지만 계속 연습하다보면 익숙해질거야!,공백,a blank space
CBT 6-2,마음의 방에 또 와주었구나!,공백,a blank space
,오늘도 그동안 연습해 온 대안적 신념을 떠올리는 연습을 해볼거야. 그럼 시작해볼까? 상황을 다른 사람의 관점에서 보면 심리적 거리가 생겨서 더 객관적으로 볼 수 있대.,그래 ,Okay.
,"만약 친구가 ‘나는 실패자다, 나는 쓸모가 없다, 아무도 나를 좋아하지 않는다‘ 때문에 굉장히 우울해 하고 있다면 그 친구에게 뭐라고 해줄거야?","내가 봐 온 너는 실패자가 아니고, 나는 네가 필요해. 내가 너를 좋아하는데 무슨 소리야","You're not a failure I've seen, I need you. What are you talking about when I like you?"
,친구가 너의 조언대로 생각한다면 어떤 결과가 일어날까?,생각을 바꾸고 그런 생각을 좀 덜 하지 않을까,I think I'll change my mind and think less about that.
,그럼 어떻게 다르게 행동할 수 있을까?,"행동이 바뀌지는 않을거 같은데, 표정이 밝아지려나 ","I don't think my behavior will change, but will my expression brighten up?"
,모두 좋은 의견이네. 우리한테도 적용하면 도움이 될 수 있겠다. 그렇게 생각해 볼 수 있겠어?,그래,Okay.
,여기까지 잘해줘서 고마워! 다음에 또 마음의 방에 놀러와줘~,공백,a blank space
CBT 6-3,"반가워, 마음의 방에 온 것을 환영해.",공백,a blank space
,오늘도 상상이 아닌 객관적인 사실을 찾아내서 현실적이고 우리에게 도움이 되는 생각을 찾아보자.,그래,Okay.
,"‘나는 실패자다, 나는 쓸모가 없다, 아무도 나를 좋아하지 않는다‘ 를 옳다는 것을 뒷받침하는 증거는 무엇이 있을까?","음 ..요즘은 별로 그런 생각을 안하는데, 예전에는 원하는 대학에 못 갔을 때, 면접에서 자주 떨어졌을 때, 일하던 곳이 내 상상과는 다를 때,  자존감 떨어뜨리는 말을 주변에서 들을 때 종종 그런 생각들을 했던거 같아","I don't think so these days, but in the past, when I couldn't go to the university I wanted, when I often failed interviews, when the place I worked was different from my imagination, and when people around me heard things that hurt my self-esteem."
,"‘나는 실패자다, 나는 쓸모가 없다, 아무도 나를 좋아하지 않는다‘ 를 옳지 않다는 것을 뒷받침하는 증거는 무엇이 있어?","음 어려운 질문이네 .. 실패를 경험한 후에 어떻게 대처하는지가 중요한거 같아. 예전에는 실패로부터 느낀 좌절감이 너무 커서 현실을 회피하려 했었는데, 지금은 회피하지 않고 다른 방법을 찾으려고 하는거 같아. 그러다보니 나 그래도 열심히 살고 있구나라고 생각하는거 같고, 자연스레 부정적인 생각이 덜 드는거 같아. 다른 사람들이랑 비교하지 않고 (그러려고 노력중이야) 내 속도에 맞춰서 하나씩 해나가는것도 한 몫하는거 같고 ?   ","Well, that's a tough question. I think it's important how you deal with failure after experiencing it. In the past, the frustration I felt from failure was so great that I tried to avoid reality, but now I think I'm trying to find another way without avoiding it. That's why I think I'm still working hard, and naturally I feel less negative. I'm trying to do it at my own pace without comparing myself to others."
,"잘했어, 그럼 좀 더 균형 있는 생각을 만들어보자. 역기능적 신념을 뒷받침하는 증거 그리고 반대되는 증거 중에서 무엇이 더 현실적일까?",반대되는 증거가 바로 전에 답한거라면 반대되는 증거가 더 현실적인거 같아,"If the opposite evidence is the answer just before, the opposite evidence is more realistic."
,앞으로도 균형 잡힌 생각을 통해 부정적인 기분을 줄여보도록 하자!,좋아 고마워,"Fine, thanks."
,그럼 다음에 또 만나!,공백,a blank space
CBT 7-1 ,안녕~ 여기는 마음의 방이야.,공백,a blank space
,오늘은 문제를 해결하기 위해 어떤 행동을 할 수 있고 그것이 도움이 되는지 살펴보려고 해.,그래,Okay.
,최근에 슬펐던 상황을 떠올려보자.,"최근에는 없었고, 작년 초에는 많이 슬펐던거 같아","I haven't recently, and I think I was very sad early last year."
,그때 어떤 부정적인 생각을 했어?,실감이 안났어,I couldn't believe it.
,"신체 감각은 어땠는지도 생각해보자. 가슴이 답답하지는 않았는지, 호흡이 가빠지지는 않았는지 천천히 생각해보자.",답답하고 그러지는 않았는데 엄청 멍했던거 같아 ,"I wasn't frustrated, but I think I was really spaced out."
,그 상황에서 어떤 행동을 취했어?,내가 할 수 있는게 없어서 그냥 있었어,"There was nothing I could do, so I just stayed."
,"그 행동을 해서 기분이 나아졌어? 앞에서 문제 상황에서 다양한 대처 행동을 알고 있는 것이 유용하다고 말했잖아, 다른 해결방법은 없는지 생각해보자.",아니 다른 사람한테 속마음을 털어놓기 ?,"No, you want to tell others how you feel?"
,"혹시 문제도 해결하고 나의 기분도 좋게 만들어줄 다른 행동은 없을까? 예를 들어, 인터넷 검색을 하거나 혹은 주변 사람들한테 조언을 구해도 되겠지.",근데 슬플 때 슬픔을 해결하려고 노력하기 보다 그 감정을 온전히 느끼는 것도 중요하다 생각해,But I think it's more important to feel the emotions when you're sad than to try to resolve the sadness.
,주변의 누구에게 도움을 요청할 수 있을까?,"가족, 친척, 친구들 ","family, relatives, friends,"
,좋았어! 처음에는 쉽지는 않겠지만 분명 도움이 될거야.,공백,a blank space
CBT 7-2 ,"안녕, 마음의 방에 또 와주었구나!",공백,a blank space
,오늘은 목표를 세우고 효과적인 행동을 만들어주는 나의 가치에 대해서 생각해보자!,좋아,OK.
,"먼저 가장 중요하게 생각하는게 뭔지 말해줄래? 예를 들면, 누구는 건강이 될 수도 있고 어떤 사람은 개인의 성장이 될 수도 있겠지.","지금 시점에서는 성장하는게 중요한거 같아. 연구하다 보니 내가 모르는 것도 많고, 잘하는 사람들도 많고 내가 우물안 개구리가 된 거 같은 기분이야","I think it's important to grow at this point in time. I feel like I've become a frog in a well because there are many things I don't know, and there are many people who are good at it."
,이것이 얼마만큼 중요한지 0점(전혀 중요하지 않다)~ 10점(매우 중요하다)으로 표현해 줄 수 있을까?,8점 ? 성장하는 것도 매우 중요하지만 다른 것들과 균형을 맞추는 것도 중요하다고 생각해,"8 points? I think it's very important to grow, but I think it's also important to balance other things."
,"지난 일주일 동안 나의 행동은 이 가치와 얼마나 일치했던 것 같아? 0점(전혀 일치하지 않는다)~10점(매우 일치한다)으로 표현해 보자. 예를 들어, 나는 개인 성장을 중요시 하기 때문에 주말에 온라인 세미나를 들었어.",7점 ? 지난주는 휴일도 있고 해서 마음이 좀 붕 뜬거 같아,"7 points? Last week, I had a holiday, so I was a bit nervous."
,그렇구나. 그럼 네가 가장 원하는 사람이 되기 위해 이번 주에 내가 취할 수 있는 일은 무엇이 있을까? 나는 온라인 세미나 내용 중 중요한 부분을 정리할 수 있겠네.,"이번주부터는 다시 힘내서 연구해야지, 논문도 읽고 앞으로 방향성에 대해 확실하게 세워나갈거야 ","Starting this week, I'll do my research again, read the thesis, and set a clear direction."
,넌 분명 할 수 있을거라 믿어. 나의 가치에 대해서 계속 생각해 보는 것이 도움이 된다는 점 잊지 말아줘.,믿어줘서 고마워,Thank you for trusting me.
,오늘도 고생 많았어!,공백,a blank space
CBT 7-3,"안녕, 마음의 방에 또 와주었구나!",공백,a blank space
,오늘은 내가 하는 활동에 따라 나의 기분 변화를 살펴보려고 해.,그래,Okay.
,1,그래 한번 해보자,"Okay, let's try it."
,먼저 지난주에 어떤 활동을 했어?,주일이 크리스마스여서 교회 분들과 선물 교환도 하고 맛있는 음식 먹었어,"It's Christmas on Sunday, so I exchanged gifts with church members and ate delicious food."
,그 활동을 하는 동안 기분이 1점~ 10점 중에서 몇 점이었어?,9점 ?,9 points?
,또 다른 활동은 뭐가 있었어?,영화봤어,I watched a movie.
,그 활동을 하는 동안에는 기분이 1점~ 10점 중에서 몇 점이었어?,6점 ? 연기를 잘 하긴 하는데 내용이 해피엔딩이라고 하기에는 좀 슬프고 어둡더라고,"6 points? I'm good at acting, but it's sad and dark to say it's a happy ending."
,좋아! 우리의 행동이나 무엇을 했는지에 따라 기분이 달라지는 것을 느꼈어? 우리의 기분을 좋게 만들어 주었던 활동들을 더 자주 한다면 기분도 분명 좋아질거야.,자주 있는 일은 아니지만 고마워,"It doesn't happen often, but thank you."
,이번 주에는 어떤 종류의 활동을 해볼까? 나는 따뜻한 물로 목욕을 해볼래.,산책 자주 할래,I want to take a walk more often.
,좋아! 이러한 과정을 통해서 스스로의 기분을 달래줄 수 있는 방법을 찾아갈 수 있다면 좋을 것 같아!,좋아,OK.
,그럼 오늘 내가 기분좋은 활동 한가지를 골라서 꼭 해보도록 하자!,공백,a blank space
CBT 8-1 ,마음의 방에 또 와주었구나!,공백,a blank space
,우울한 기분은 부정적인 측면에만 주의를 기울이도록 한다고 말했잖아. 그렇기 때문에 우울할 때는 자존감이 쉽게 무너질 수 있어. 그러나 감정이 우리의 가치를 결정할 수는 없어. 오늘은 우리가 잊었거나 과소평가했던 나의 강점을 찾아보려고 해.,그래,Okay.
,"지난 일주일 동안 있었던 긍정적인 일이나 스스로 자랑할 만한 일은 무엇이 있었어? 예를 들어, 평소보다 일찍 일어났거나 짧은 산책을 다녀왔다던지! 작은 것이여도 좋아.",지금까지 연주한 찬양 중 가장 괜찮았던 연주라고 칭찬들었어,I was praised for the best performance I've ever done.
,"그럼 지난 일주일 동안 어려웠지만 해냈던 일들은 무엇이 있었어? 예를 들어, 나는 미루던 빨래를 오늘 세탁했어! 너는 떠오르는게 있어?",오랫동안 해 온 게임을 탈퇴하고 삭제했어,I quit the game I've been playing for a long time and deleted it.
,그 어려운 일을 해내기 위해 나는 어떤 노력들을 했을까? 나 같은 경우에는 피곤하고 귀찮았지만 그것을 이겨내고 무거운 몸을 이끌고 빨래를 했지. 빨래를 했더니 더러웠던 옷도 깨끗해지고 좋은 향이 나서 기분이 좋던데?,마음을 많이 다 잡은거 같아. 이제 좀 더 생산적인 일에 몰두하려고,I think I've made up my mind. I'm going to focus on something more productive.
,나처럼 내가 노력한 부분을 알아차림으로써 기분이 좋아졌길 바래!,그래,Okay.
,오늘도 고생 많았어.,응응 ,"Yes, yes."
,그리고 지난 8주 동안 우리가 함께 블루케어 참여하면서 노력한 부분도 잊지마! 이것도 충분히 칭찬받을 만한 일이야!,공백,a blank space
CBT 8-2,"안녕, 마음의 방에 와주었구나. 반가워!",공백,a blank space
,오늘은 나에게 위안이 되는 말을 해줄 거야. 많이 어색하고 부끄럽겠지?,해보자,Let's do this.
,그건 아마도 어렸을 때부터 이런 말을 자주 들어보지 못했기 때문에 그럴 수도 있어.,맞아 별로 못 들어본거 같아,"Yeah, I don't think I've heard that much."
,평소에 나를 격려하는 말을 해주는 연습이 도움이 될거야. 한 번 해보자.,그래,Okay.
,"먼저 일이 뜻대로 풀리지 않아 속상했던 때를 떠올려보자. 예를 들면, '오늘 꼭 계획한 만큼 책을 읽어야지' 라고 다짐했지만, 다 읽지를 못할 때도 있겠지.",그래서 계획 세우는걸 별로 안 좋아하는거 같아,I don't think that's why I don't like making plans.
,이때마다 자신을 탓하고 미워하는 게 더 익숙했을거야. 그동안 어떤 말들을 해왔어? 나는 ‘이렇게 게으르다니! 책도 다 못 읽는데 무슨 일을 제대로 하겠어!’ 라며 나를 비난했어.,나는 왜 이럴까 ? 남들이 볼 때 한심하다고 생각할 수 있겠다,What's wrong with me? People might think I'm pathetic.
,하지만 지금부터는 비난하는 생각을 잠시 멈추고 자신을 격려하는 말을 해볼거야. 처음에는 어려울 수 있어.,그래,Okay.
,"근데, 이 연습은 근육을 키우는 것이랑 비슷한거 같아. 연습할수록 자신을 격려하는 근육은 점점 더 강해질거야!",좋아,OK.
,"그 상황에서 내가 노력한 부분은 무엇이 있을까? 예를 들어, ‘나는 책이 어려워서 끝까지 읽지는 못했지만 하루 종일 누워있지 않고 앉아서 책을 읽으려고 노력했어.’",보고 싶은 영화를 미루고 음악을 들으면서 해야할 일을 끝냈어,I put off the movie I wanted to watch and finished what I had to do while listening to music.
,이렇게 나의 노력들을 인정해주고 알아주는게 참 중요해. 오늘 하루동안 고생한 나에게 위로의 말을 전해줄까?,고생했어,You did a great job.
,"정말 잘했어. 오늘도 쉬고 싶었을텐데, 마음의 방을 찾아줘서 고마워. 이렇게 우리 같이 노력하다 보면 금세 몸과 마음이 건강해 질거야.",고마워,Thank you.
,이렇게 나를 비난하기 보다는 스스로 따뜻한 위로의 말을 해주는거 잊지마!,공백,a blank space
CBT 8-3,"마음의 방에 또 와주었구나, 오늘도 반가워!",공백,a blank space
,벌써 8주라는 시간이 흘렀어. 지금까지 열심히 노력해줘서 정말정말 고마워!,응,Yes.
,앞으로 힘든 일이 생겨서 기분이 처질 때마다 우리가 배운 것들을 잘 기억한다면 많은 도움이 될거야.,그래 ,Okay.
,"내가 지금 할 질문들을 답할 때, 지금까지 배운걸 생각하면서 대답해줘!",응,Yes.
,마음의 방에 와서 새롭게 배운 것들은 뭐가 있어?,내 마음을 좀 더 돌아볼 수 있었던거 같아,I was able to look back on my mind.
,마음의 방에서 배운 것들 중에서 너에게 가장 도움이 되었던 건 뭐야?,부정적인 감정에 좀 더 잘 대처할 수 있을거 같아,I think I can deal with negative emotions better.
,마음의 방에 온 이후에 생긴 삶의 변화는 어떤 것들이 있어?,큰 변화는 없어,There's no big change.
,여기 오면서 예전에는 하지 못했거나 오랫동안 하지 않았던 것 중에서 하게 된 것도 있어?,딱히 없는거 같아,I don't think there's anything in particular.
,정말 많은 것을 이루었구나! 그동안 열심히 노력해줘서 정말 고마워. 고생 많았어. 건강하게 지내~ 안녕~!!,공백,a blank space
